"pattern","strategy","rep","snapshot","pod","cpu_m","mem_mi"
"daynight","baseline","rep1","segment_day_end.top_pods","gateway-service","281","217"
"daynight","baseline","rep1","segment_day_end.top_pods","order-service","50","183"
"daynight","baseline","rep1","segment_day_end.top_pods","product-service","35","177"
"daynight","baseline","rep1","segment_day_start.top_pods","gateway-service","86","216"
"daynight","baseline","rep1","segment_day_start.top_pods","order-service","32","182"
"daynight","baseline","rep1","segment_day_start.top_pods","product-service","48","177"
"daynight","baseline","rep1","segment_night_1_end.top_pods","gateway-service","86","216"
"daynight","baseline","rep1","segment_night_1_end.top_pods","order-service","32","182"
"daynight","baseline","rep1","segment_night_1_end.top_pods","product-service","48","177"
"daynight","baseline","rep1","segment_night_1_start.top_pods","gateway-service","98","215"
"daynight","baseline","rep1","segment_night_1_start.top_pods","order-service","19","182"
"daynight","baseline","rep1","segment_night_1_start.top_pods","product-service","16","174"
"daynight","baseline","rep1","segment_night_2_end.top_pods","gateway-service","152","217"
"daynight","baseline","rep1","segment_night_2_end.top_pods","order-service","28","183"
"daynight","baseline","rep1","segment_night_2_end.top_pods","product-service","21","177"
"daynight","baseline","rep1","segment_night_2_start.top_pods","gateway-service","281","217"
"daynight","baseline","rep1","segment_night_2_start.top_pods","order-service","50","183"
"daynight","baseline","rep1","segment_night_2_start.top_pods","product-service","35","177"
"daynight","baseline","rep1","segment_warmup_end.top_pods","gateway-service","98","215"
"daynight","baseline","rep1","segment_warmup_end.top_pods","order-service","19","182"
"daynight","baseline","rep1","segment_warmup_end.top_pods","product-service","16","174"
"daynight","baseline","rep1","segment_warmup_start.top_pods","gateway-service","98","215"
"daynight","baseline","rep1","segment_warmup_start.top_pods","order-service","19","182"
"daynight","baseline","rep1","segment_warmup_start.top_pods","product-service","16","174"
"daynight","baseline","rep2","segment_day_end.top_pods","gateway-service","252","219"
"daynight","baseline","rep2","segment_day_end.top_pods","order-service","46","183"
"daynight","baseline","rep2","segment_day_end.top_pods","product-service","32","177"
"daynight","baseline","rep2","segment_day_start.top_pods","gateway-service","65","218"
"daynight","baseline","rep2","segment_day_start.top_pods","order-service","14","183"
"daynight","baseline","rep2","segment_day_start.top_pods","product-service","11","177"
"daynight","baseline","rep2","segment_night_1_end.top_pods","gateway-service","65","218"
"daynight","baseline","rep2","segment_night_1_end.top_pods","order-service","14","183"
"daynight","baseline","rep2","segment_night_1_end.top_pods","product-service","11","177"
"daynight","baseline","rep2","segment_night_1_start.top_pods","gateway-service","60","217"
"daynight","baseline","rep2","segment_night_1_start.top_pods","order-service","14","183"
"daynight","baseline","rep2","segment_night_1_start.top_pods","product-service","11","177"
"daynight","baseline","rep2","segment_night_2_end.top_pods","gateway-service","130","218"
"daynight","baseline","rep2","segment_night_2_end.top_pods","order-service","24","183"
"daynight","baseline","rep2","segment_night_2_end.top_pods","product-service","17","177"
"daynight","baseline","rep2","segment_night_2_start.top_pods","gateway-service","252","219"
"daynight","baseline","rep2","segment_night_2_start.top_pods","order-service","46","183"
"daynight","baseline","rep2","segment_night_2_start.top_pods","product-service","32","177"
"daynight","baseline","rep2","segment_warmup_end.top_pods","gateway-service","60","217"
"daynight","baseline","rep2","segment_warmup_end.top_pods","order-service","14","183"
"daynight","baseline","rep2","segment_warmup_end.top_pods","product-service","11","177"
"daynight","baseline","rep2","segment_warmup_start.top_pods","gateway-service","152","217"
"daynight","baseline","rep2","segment_warmup_start.top_pods","order-service","28","183"
"daynight","baseline","rep2","segment_warmup_start.top_pods","product-service","21","177"
"daynight","baseline","rep3","segment_day_end.top_pods","gateway-service","232","219"
"daynight","baseline","rep3","segment_day_end.top_pods","order-service","42","183"
"daynight","baseline","rep3","segment_day_end.top_pods","product-service","30","178"
"daynight","baseline","rep3","segment_day_start.top_pods","gateway-service","74","219"
"daynight","baseline","rep3","segment_day_start.top_pods","order-service","16","183"
"daynight","baseline","rep3","segment_day_start.top_pods","product-service","13","177"
"daynight","baseline","rep3","segment_night_1_end.top_pods","gateway-service","74","219"
"daynight","baseline","rep3","segment_night_1_end.top_pods","order-service","16","183"
"daynight","baseline","rep3","segment_night_1_end.top_pods","product-service","13","177"
"daynight","baseline","rep3","segment_night_1_start.top_pods","gateway-service","65","218"
"daynight","baseline","rep3","segment_night_1_start.top_pods","order-service","14","183"
"daynight","baseline","rep3","segment_night_1_start.top_pods","product-service","11","177"
"daynight","baseline","rep3","segment_night_2_end.top_pods","gateway-service","112","220"
"daynight","baseline","rep3","segment_night_2_end.top_pods","order-service","22","183"
"daynight","baseline","rep3","segment_night_2_end.top_pods","product-service","17","178"
"daynight","baseline","rep3","segment_night_2_start.top_pods","gateway-service","232","219"
"daynight","baseline","rep3","segment_night_2_start.top_pods","order-service","42","183"
"daynight","baseline","rep3","segment_night_2_start.top_pods","product-service","30","178"
"daynight","baseline","rep3","segment_warmup_end.top_pods","gateway-service","65","218"
"daynight","baseline","rep3","segment_warmup_end.top_pods","order-service","14","183"
"daynight","baseline","rep3","segment_warmup_end.top_pods","product-service","11","177"
"daynight","baseline","rep3","segment_warmup_start.top_pods","gateway-service","130","218"
"daynight","baseline","rep3","segment_warmup_start.top_pods","order-service","24","183"
"daynight","baseline","rep3","segment_warmup_start.top_pods","product-service","17","177"
"daynight","hybrid","rep1","segment_day_end.top_pods","gateway-service","75","195"
"daynight","hybrid","rep1","segment_day_end.top_pods","gateway-service","17","197"
"daynight","hybrid","rep1","segment_day_end.top_pods","gateway-service","67","192"
"daynight","hybrid","rep1","segment_day_end.top_pods","gateway-service","55","221"
"daynight","hybrid","rep1","segment_day_end.top_pods","gateway-service","88","194"
"daynight","hybrid","rep1","segment_day_end.top_pods","order-service","43","186"
"daynight","hybrid","rep1","segment_day_end.top_pods","product-service","30","180"
"daynight","hybrid","rep1","segment_day_start.top_pods","gateway-service","27","194"
"daynight","hybrid","rep1","segment_day_start.top_pods","gateway-service","15","198"
"daynight","hybrid","rep1","segment_day_start.top_pods","gateway-service","23","192"
"daynight","hybrid","rep1","segment_day_start.top_pods","gateway-service","25","221"
"daynight","hybrid","rep1","segment_day_start.top_pods","gateway-service","26","193"
"daynight","hybrid","rep1","segment_day_start.top_pods","order-service","14","186"
"daynight","hybrid","rep1","segment_day_start.top_pods","product-service","12","180"
"daynight","hybrid","rep1","segment_night_1_end.top_pods","gateway-service","27","194"
"daynight","hybrid","rep1","segment_night_1_end.top_pods","gateway-service","15","198"
"daynight","hybrid","rep1","segment_night_1_end.top_pods","gateway-service","23","192"
"daynight","hybrid","rep1","segment_night_1_end.top_pods","gateway-service","25","221"
"daynight","hybrid","rep1","segment_night_1_end.top_pods","gateway-service","26","193"
"daynight","hybrid","rep1","segment_night_1_end.top_pods","order-service","14","186"
"daynight","hybrid","rep1","segment_night_1_end.top_pods","product-service","12","180"
"daynight","hybrid","rep1","segment_night_1_start.top_pods","gateway-service","15","194"
"daynight","hybrid","rep1","segment_night_1_start.top_pods","gateway-service","37","198"
"daynight","hybrid","rep1","segment_night_1_start.top_pods","gateway-service","34","192"
"daynight","hybrid","rep1","segment_night_1_start.top_pods","gateway-service","13","220"
"daynight","hybrid","rep1","segment_night_1_start.top_pods","gateway-service","17","193"
"daynight","hybrid","rep1","segment_night_1_start.top_pods","order-service","14","186"
"daynight","hybrid","rep1","segment_night_1_start.top_pods","product-service","12","180"
"daynight","hybrid","rep1","segment_night_2_end.top_pods","gateway-service","14","194"
"daynight","hybrid","rep1","segment_night_2_end.top_pods","gateway-service","11","197"
"daynight","hybrid","rep1","segment_night_2_end.top_pods","gateway-service","27","192"
"daynight","hybrid","rep1","segment_night_2_end.top_pods","gateway-service","42","221"
"daynight","hybrid","rep1","segment_night_2_end.top_pods","gateway-service","13","194"
"daynight","hybrid","rep1","segment_night_2_end.top_pods","order-service","15","186"
"daynight","hybrid","rep1","segment_night_2_end.top_pods","product-service","13","180"
"daynight","hybrid","rep1","segment_night_2_start.top_pods","gateway-service","75","195"
"daynight","hybrid","rep1","segment_night_2_start.top_pods","gateway-service","17","197"
"daynight","hybrid","rep1","segment_night_2_start.top_pods","gateway-service","67","192"
"daynight","hybrid","rep1","segment_night_2_start.top_pods","gateway-service","55","221"
"daynight","hybrid","rep1","segment_night_2_start.top_pods","gateway-service","88","194"
"daynight","hybrid","rep1","segment_night_2_start.top_pods","order-service","43","186"
"daynight","hybrid","rep1","segment_night_2_start.top_pods","product-service","30","180"
"daynight","hybrid","rep1","segment_warmup_end.top_pods","gateway-service","15","194"
"daynight","hybrid","rep1","segment_warmup_end.top_pods","gateway-service","37","198"
"daynight","hybrid","rep1","segment_warmup_end.top_pods","gateway-service","34","192"
"daynight","hybrid","rep1","segment_warmup_end.top_pods","gateway-service","13","220"
"daynight","hybrid","rep1","segment_warmup_end.top_pods","gateway-service","17","193"
"daynight","hybrid","rep1","segment_warmup_end.top_pods","order-service","14","186"
"daynight","hybrid","rep1","segment_warmup_end.top_pods","product-service","12","180"
"daynight","hybrid","rep1","segment_warmup_start.top_pods","gateway-service","56","194"
"daynight","hybrid","rep1","segment_warmup_start.top_pods","gateway-service","49","198"
"daynight","hybrid","rep1","segment_warmup_start.top_pods","gateway-service","78","192"
"daynight","hybrid","rep1","segment_warmup_start.top_pods","gateway-service","53","221"
"daynight","hybrid","rep1","segment_warmup_start.top_pods","gateway-service","76","194"
"daynight","hybrid","rep1","segment_warmup_start.top_pods","order-service","39","186"
"daynight","hybrid","rep1","segment_warmup_start.top_pods","product-service","32","180"
"daynight","hybrid","rep2","segment_day_end.top_pods","gateway-service","38","195"
"daynight","hybrid","rep2","segment_day_end.top_pods","gateway-service","77","198"
"daynight","hybrid","rep2","segment_day_end.top_pods","gateway-service","64","192"
"daynight","hybrid","rep2","segment_day_end.top_pods","gateway-service","40","221"
"daynight","hybrid","rep2","segment_day_end.top_pods","gateway-service","40","194"
"daynight","hybrid","rep2","segment_day_end.top_pods","order-service","35","186"
"daynight","hybrid","rep2","segment_day_end.top_pods","product-service","28","180"
"daynight","hybrid","rep2","segment_day_start.top_pods","gateway-service","20","195"
"daynight","hybrid","rep2","segment_day_start.top_pods","gateway-service","8","197"
"daynight","hybrid","rep2","segment_day_start.top_pods","gateway-service","21","192"
"daynight","hybrid","rep2","segment_day_start.top_pods","gateway-service","21","221"
"daynight","hybrid","rep2","segment_day_start.top_pods","gateway-service","10","194"
"daynight","hybrid","rep2","segment_day_start.top_pods","order-service","11","186"
"daynight","hybrid","rep2","segment_day_start.top_pods","product-service","10","180"
"daynight","hybrid","rep2","segment_night_1_end.top_pods","gateway-service","20","195"
"daynight","hybrid","rep2","segment_night_1_end.top_pods","gateway-service","8","197"
"daynight","hybrid","rep2","segment_night_1_end.top_pods","gateway-service","21","192"
"daynight","hybrid","rep2","segment_night_1_end.top_pods","gateway-service","21","221"
"daynight","hybrid","rep2","segment_night_1_end.top_pods","gateway-service","10","194"
"daynight","hybrid","rep2","segment_night_1_end.top_pods","order-service","11","186"
"daynight","hybrid","rep2","segment_night_1_end.top_pods","product-service","10","180"
"daynight","hybrid","rep2","segment_night_1_start.top_pods","gateway-service","14","194"
"daynight","hybrid","rep2","segment_night_1_start.top_pods","gateway-service","11","197"
"daynight","hybrid","rep2","segment_night_1_start.top_pods","gateway-service","27","192"
"daynight","hybrid","rep2","segment_night_1_start.top_pods","gateway-service","42","221"
"daynight","hybrid","rep2","segment_night_1_start.top_pods","gateway-service","13","194"
"daynight","hybrid","rep2","segment_night_1_start.top_pods","order-service","15","186"
"daynight","hybrid","rep2","segment_night_1_start.top_pods","product-service","13","180"
"daynight","hybrid","rep2","segment_night_2_end.top_pods","gateway-service","23","195"
"daynight","hybrid","rep2","segment_night_2_end.top_pods","gateway-service","21","198"
"daynight","hybrid","rep2","segment_night_2_end.top_pods","gateway-service","18","192"
"daynight","hybrid","rep2","segment_night_2_end.top_pods","gateway-service","45","221"
"daynight","hybrid","rep2","segment_night_2_end.top_pods","gateway-service","40","194"
"daynight","hybrid","rep2","segment_night_2_end.top_pods","order-service","20","186"
"daynight","hybrid","rep2","segment_night_2_end.top_pods","product-service","17","180"
"daynight","hybrid","rep2","segment_night_2_start.top_pods","gateway-service","38","195"
"daynight","hybrid","rep2","segment_night_2_start.top_pods","gateway-service","77","198"
"daynight","hybrid","rep2","segment_night_2_start.top_pods","gateway-service","64","192"
"daynight","hybrid","rep2","segment_night_2_start.top_pods","gateway-service","40","221"
"daynight","hybrid","rep2","segment_night_2_start.top_pods","gateway-service","40","194"
"daynight","hybrid","rep2","segment_night_2_start.top_pods","order-service","35","186"
"daynight","hybrid","rep2","segment_night_2_start.top_pods","product-service","28","180"
"daynight","hybrid","rep2","segment_warmup_end.top_pods","gateway-service","14","194"
"daynight","hybrid","rep2","segment_warmup_end.top_pods","gateway-service","11","197"
"daynight","hybrid","rep2","segment_warmup_end.top_pods","gateway-service","27","192"
"daynight","hybrid","rep2","segment_warmup_end.top_pods","gateway-service","42","221"
"daynight","hybrid","rep2","segment_warmup_end.top_pods","gateway-service","13","194"
"daynight","hybrid","rep2","segment_warmup_end.top_pods","order-service","15","186"
"daynight","hybrid","rep2","segment_warmup_end.top_pods","product-service","13","180"
"daynight","hybrid","rep2","segment_warmup_start.top_pods","gateway-service","14","194"
"daynight","hybrid","rep2","segment_warmup_start.top_pods","gateway-service","11","197"
"daynight","hybrid","rep2","segment_warmup_start.top_pods","gateway-service","27","192"
"daynight","hybrid","rep2","segment_warmup_start.top_pods","gateway-service","42","221"
"daynight","hybrid","rep2","segment_warmup_start.top_pods","gateway-service","13","194"
"daynight","hybrid","rep2","segment_warmup_start.top_pods","order-service","15","186"
"daynight","hybrid","rep2","segment_warmup_start.top_pods","product-service","13","180"
"daynight","hybrid","rep3","segment_day_end.top_pods","gateway-service","53","195"
"daynight","hybrid","rep3","segment_day_end.top_pods","gateway-service","52","198"
"daynight","hybrid","rep3","segment_day_end.top_pods","gateway-service","26","192"
"daynight","hybrid","rep3","segment_day_end.top_pods","gateway-service","52","221"
"daynight","hybrid","rep3","segment_day_end.top_pods","gateway-service","16","194"
"daynight","hybrid","rep3","segment_day_end.top_pods","order-service","27","186"
"daynight","hybrid","rep3","segment_day_end.top_pods","product-service","22","180"
"daynight","hybrid","rep3","segment_day_start.top_pods","gateway-service","25","195"
"daynight","hybrid","rep3","segment_day_start.top_pods","gateway-service","5","197"
"daynight","hybrid","rep3","segment_day_start.top_pods","gateway-service","12","192"
"daynight","hybrid","rep3","segment_day_start.top_pods","gateway-service","18","221"
"daynight","hybrid","rep3","segment_day_start.top_pods","gateway-service","32","194"
"daynight","hybrid","rep3","segment_day_start.top_pods","order-service","14","186"
"daynight","hybrid","rep3","segment_day_start.top_pods","product-service","11","180"
"daynight","hybrid","rep3","segment_night_1_end.top_pods","gateway-service","25","195"
"daynight","hybrid","rep3","segment_night_1_end.top_pods","gateway-service","5","197"
"daynight","hybrid","rep3","segment_night_1_end.top_pods","gateway-service","12","192"
"daynight","hybrid","rep3","segment_night_1_end.top_pods","gateway-service","18","221"
"daynight","hybrid","rep3","segment_night_1_end.top_pods","gateway-service","32","194"
"daynight","hybrid","rep3","segment_night_1_end.top_pods","order-service","14","186"
"daynight","hybrid","rep3","segment_night_1_end.top_pods","product-service","11","180"
"daynight","hybrid","rep3","segment_night_1_start.top_pods","gateway-service","19","195"
"daynight","hybrid","rep3","segment_night_1_start.top_pods","gateway-service","18","198"
"daynight","hybrid","rep3","segment_night_1_start.top_pods","gateway-service","14","192"
"daynight","hybrid","rep3","segment_night_1_start.top_pods","gateway-service","14","221"
"daynight","hybrid","rep3","segment_night_1_start.top_pods","gateway-service","24","194"
"daynight","hybrid","rep3","segment_night_1_start.top_pods","order-service","15","186"
"daynight","hybrid","rep3","segment_night_1_start.top_pods","product-service","13","180"
"daynight","hybrid","rep3","segment_night_2_end.top_pods","gateway-service","14","194"
"daynight","hybrid","rep3","segment_night_2_end.top_pods","gateway-service","31","198"
"daynight","hybrid","rep3","segment_night_2_end.top_pods","gateway-service","14","192"
"daynight","hybrid","rep3","segment_night_2_end.top_pods","gateway-service","34","221"
"daynight","hybrid","rep3","segment_night_2_end.top_pods","gateway-service","25","194"
"daynight","hybrid","rep3","segment_night_2_end.top_pods","order-service","14","186"
"daynight","hybrid","rep3","segment_night_2_end.top_pods","product-service","13","180"
"daynight","hybrid","rep3","segment_night_2_start.top_pods","gateway-service","18","194"
"daynight","hybrid","rep3","segment_night_2_start.top_pods","gateway-service","86","198"
"daynight","hybrid","rep3","segment_night_2_start.top_pods","gateway-service","59","193"
"daynight","hybrid","rep3","segment_night_2_start.top_pods","gateway-service","54","221"
"daynight","hybrid","rep3","segment_night_2_start.top_pods","gateway-service","50","194"
"daynight","hybrid","rep3","segment_night_2_start.top_pods","order-service","34","186"
"daynight","hybrid","rep3","segment_night_2_start.top_pods","product-service","28","180"
"daynight","hybrid","rep3","segment_warmup_end.top_pods","gateway-service","19","195"
"daynight","hybrid","rep3","segment_warmup_end.top_pods","gateway-service","18","198"
"daynight","hybrid","rep3","segment_warmup_end.top_pods","gateway-service","14","192"
"daynight","hybrid","rep3","segment_warmup_end.top_pods","gateway-service","14","221"
"daynight","hybrid","rep3","segment_warmup_end.top_pods","gateway-service","24","194"
"daynight","hybrid","rep3","segment_warmup_end.top_pods","order-service","15","186"
"daynight","hybrid","rep3","segment_warmup_end.top_pods","product-service","13","180"
"daynight","hybrid","rep3","segment_warmup_start.top_pods","gateway-service","23","195"
"daynight","hybrid","rep3","segment_warmup_start.top_pods","gateway-service","21","198"
"daynight","hybrid","rep3","segment_warmup_start.top_pods","gateway-service","18","192"
"daynight","hybrid","rep3","segment_warmup_start.top_pods","gateway-service","45","221"
"daynight","hybrid","rep3","segment_warmup_start.top_pods","gateway-service","40","194"
"daynight","hybrid","rep3","segment_warmup_start.top_pods","order-service","20","186"
"daynight","hybrid","rep3","segment_warmup_start.top_pods","product-service","17","180"
"daynight","proactive","rep1","segment_day_end.top_pods","gateway-service","91","192"
"daynight","proactive","rep1","segment_day_end.top_pods","gateway-service","132","196"
"daynight","proactive","rep1","segment_day_end.top_pods","gateway-service","55","191"
"daynight","proactive","rep1","segment_day_end.top_pods","gateway-service","29","190"
"daynight","proactive","rep1","segment_day_end.top_pods","gateway-service","47","221"
"daynight","proactive","rep1","segment_day_end.top_pods","gateway-service","43","192"
"daynight","proactive","rep1","segment_day_end.top_pods","order-service","39","185"
"daynight","proactive","rep1","segment_day_end.top_pods","product-service","34","180"
"daynight","proactive","rep1","segment_day_start.top_pods","gateway-service","26","192"
"daynight","proactive","rep1","segment_day_start.top_pods","gateway-service","29","195"
"daynight","proactive","rep1","segment_day_start.top_pods","gateway-service","83","188"
"daynight","proactive","rep1","segment_day_start.top_pods","gateway-service","81","189"
"daynight","proactive","rep1","segment_day_start.top_pods","gateway-service","19","220"
"daynight","proactive","rep1","segment_day_start.top_pods","gateway-service","23","192"
"daynight","proactive","rep1","segment_day_start.top_pods","order-service","18","185"
"daynight","proactive","rep1","segment_day_start.top_pods","product-service","16","180"
"daynight","proactive","rep1","segment_night_1_end.top_pods","gateway-service","26","192"
"daynight","proactive","rep1","segment_night_1_end.top_pods","gateway-service","29","195"
"daynight","proactive","rep1","segment_night_1_end.top_pods","gateway-service","83","188"
"daynight","proactive","rep1","segment_night_1_end.top_pods","gateway-service","81","189"
"daynight","proactive","rep1","segment_night_1_end.top_pods","gateway-service","19","220"
"daynight","proactive","rep1","segment_night_1_end.top_pods","gateway-service","23","192"
"daynight","proactive","rep1","segment_night_1_end.top_pods","order-service","18","185"
"daynight","proactive","rep1","segment_night_1_end.top_pods","product-service","16","180"
"daynight","proactive","rep1","segment_night_1_start.top_pods","gateway-service","30","192"
"daynight","proactive","rep1","segment_night_1_start.top_pods","gateway-service","15","194"
"daynight","proactive","rep1","segment_night_1_start.top_pods","gateway-service","57","191"
"daynight","proactive","rep1","segment_night_1_start.top_pods","gateway-service","26","188"
"daynight","proactive","rep1","segment_night_1_start.top_pods","gateway-service","11","220"
"daynight","proactive","rep1","segment_night_1_start.top_pods","gateway-service","13","192"
"daynight","proactive","rep1","segment_night_1_start.top_pods","order-service","13","185"
"daynight","proactive","rep1","segment_night_1_start.top_pods","product-service","11","180"
"daynight","proactive","rep1","segment_night_2_end.top_pods","gateway-service","5","192"
"daynight","proactive","rep1","segment_night_2_end.top_pods","gateway-service","32","196"
"daynight","proactive","rep1","segment_night_2_end.top_pods","gateway-service","25","191"
"daynight","proactive","rep1","segment_night_2_end.top_pods","gateway-service","20","189"
"daynight","proactive","rep1","segment_night_2_end.top_pods","gateway-service","15","220"
"daynight","proactive","rep1","segment_night_2_end.top_pods","gateway-service","34","192"
"daynight","proactive","rep1","segment_night_2_end.top_pods","order-service","15","185"
"daynight","proactive","rep1","segment_night_2_end.top_pods","product-service","15","180"
"daynight","proactive","rep1","segment_night_2_start.top_pods","gateway-service","91","192"
"daynight","proactive","rep1","segment_night_2_start.top_pods","gateway-service","132","196"
"daynight","proactive","rep1","segment_night_2_start.top_pods","gateway-service","55","191"
"daynight","proactive","rep1","segment_night_2_start.top_pods","gateway-service","29","190"
"daynight","proactive","rep1","segment_night_2_start.top_pods","gateway-service","47","221"
"daynight","proactive","rep1","segment_night_2_start.top_pods","gateway-service","43","192"
"daynight","proactive","rep1","segment_night_2_start.top_pods","order-service","39","185"
"daynight","proactive","rep1","segment_night_2_start.top_pods","product-service","34","180"
"daynight","proactive","rep1","segment_warmup_end.top_pods","gateway-service","30","192"
"daynight","proactive","rep1","segment_warmup_end.top_pods","gateway-service","15","194"
"daynight","proactive","rep1","segment_warmup_end.top_pods","gateway-service","57","191"
"daynight","proactive","rep1","segment_warmup_end.top_pods","gateway-service","26","188"
"daynight","proactive","rep1","segment_warmup_end.top_pods","gateway-service","11","220"
"daynight","proactive","rep1","segment_warmup_end.top_pods","gateway-service","13","192"
"daynight","proactive","rep1","segment_warmup_end.top_pods","order-service","13","185"
"daynight","proactive","rep1","segment_warmup_end.top_pods","product-service","11","180"
"daynight","proactive","rep1","segment_warmup_start.top_pods","gateway-service","13","192"
"daynight","proactive","rep1","segment_warmup_start.top_pods","gateway-service","108","195"
"daynight","proactive","rep1","segment_warmup_start.top_pods","gateway-service","36","189"
"daynight","proactive","rep1","segment_warmup_start.top_pods","gateway-service","120","188"
"daynight","proactive","rep1","segment_warmup_start.top_pods","gateway-service","17","220"
"daynight","proactive","rep1","segment_warmup_start.top_pods","gateway-service","116","192"
"daynight","proactive","rep1","segment_warmup_start.top_pods","order-service","40","185"
"daynight","proactive","rep1","segment_warmup_start.top_pods","product-service","32","180"
"daynight","proactive","rep2","segment_day_end.top_pods","gateway-service","66","193"
"daynight","proactive","rep2","segment_day_end.top_pods","gateway-service","35","196"
"daynight","proactive","rep2","segment_day_end.top_pods","gateway-service","18","191"
"daynight","proactive","rep2","segment_day_end.top_pods","gateway-service","100","190"
"daynight","proactive","rep2","segment_day_end.top_pods","gateway-service","54","221"
"daynight","proactive","rep2","segment_day_end.top_pods","gateway-service","84","193"
"daynight","proactive","rep2","segment_day_end.top_pods","order-service","37","186"
"daynight","proactive","rep2","segment_day_end.top_pods","product-service","31","180"
"daynight","proactive","rep2","segment_day_start.top_pods","gateway-service","14","192"
"daynight","proactive","rep2","segment_day_start.top_pods","gateway-service","14","196"
"daynight","proactive","rep2","segment_day_start.top_pods","gateway-service","13","191"
"daynight","proactive","rep2","segment_day_start.top_pods","gateway-service","16","189"
"daynight","proactive","rep2","segment_day_start.top_pods","gateway-service","10","221"
"daynight","proactive","rep2","segment_day_start.top_pods","gateway-service","22","192"
"daynight","proactive","rep2","segment_day_start.top_pods","order-service","13","186"
"daynight","proactive","rep2","segment_day_start.top_pods","product-service","10","180"
"daynight","proactive","rep2","segment_night_1_end.top_pods","gateway-service","14","192"
"daynight","proactive","rep2","segment_night_1_end.top_pods","gateway-service","14","196"
"daynight","proactive","rep2","segment_night_1_end.top_pods","gateway-service","13","191"
"daynight","proactive","rep2","segment_night_1_end.top_pods","gateway-service","16","189"
"daynight","proactive","rep2","segment_night_1_end.top_pods","gateway-service","10","221"
"daynight","proactive","rep2","segment_night_1_end.top_pods","gateway-service","22","192"
"daynight","proactive","rep2","segment_night_1_end.top_pods","order-service","13","186"
"daynight","proactive","rep2","segment_night_1_end.top_pods","product-service","10","180"
"daynight","proactive","rep2","segment_night_1_start.top_pods","gateway-service","5","192"
"daynight","proactive","rep2","segment_night_1_start.top_pods","gateway-service","32","196"
"daynight","proactive","rep2","segment_night_1_start.top_pods","gateway-service","25","191"
"daynight","proactive","rep2","segment_night_1_start.top_pods","gateway-service","20","189"
"daynight","proactive","rep2","segment_night_1_start.top_pods","gateway-service","15","220"
"daynight","proactive","rep2","segment_night_1_start.top_pods","gateway-service","34","192"
"daynight","proactive","rep2","segment_night_1_start.top_pods","order-service","15","185"
"daynight","proactive","rep2","segment_night_1_start.top_pods","product-service","15","180"
"daynight","proactive","rep2","segment_night_2_end.top_pods","gateway-service","93","193"
"daynight","proactive","rep2","segment_night_2_end.top_pods","gateway-service","40","197"
"daynight","proactive","rep2","segment_night_2_end.top_pods","gateway-service","36","191"
"daynight","proactive","rep2","segment_night_2_end.top_pods","gateway-service","18","190"
"daynight","proactive","rep2","segment_night_2_end.top_pods","gateway-service","16","220"
"daynight","proactive","rep2","segment_night_2_end.top_pods","gateway-service","36","193"
"daynight","proactive","rep2","segment_night_2_end.top_pods","order-service","22","186"
"daynight","proactive","rep2","segment_night_2_end.top_pods","product-service","19","180"
"daynight","proactive","rep2","segment_night_2_start.top_pods","gateway-service","66","193"
"daynight","proactive","rep2","segment_night_2_start.top_pods","gateway-service","35","196"
"daynight","proactive","rep2","segment_night_2_start.top_pods","gateway-service","18","191"
"daynight","proactive","rep2","segment_night_2_start.top_pods","gateway-service","100","190"
"daynight","proactive","rep2","segment_night_2_start.top_pods","gateway-service","54","221"
"daynight","proactive","rep2","segment_night_2_start.top_pods","gateway-service","84","193"
"daynight","proactive","rep2","segment_night_2_start.top_pods","order-service","37","186"
"daynight","proactive","rep2","segment_night_2_start.top_pods","product-service","31","180"
"daynight","proactive","rep2","segment_warmup_end.top_pods","gateway-service","5","192"
"daynight","proactive","rep2","segment_warmup_end.top_pods","gateway-service","32","196"
"daynight","proactive","rep2","segment_warmup_end.top_pods","gateway-service","25","191"
"daynight","proactive","rep2","segment_warmup_end.top_pods","gateway-service","20","189"
"daynight","proactive","rep2","segment_warmup_end.top_pods","gateway-service","15","220"
"daynight","proactive","rep2","segment_warmup_end.top_pods","gateway-service","34","192"
"daynight","proactive","rep2","segment_warmup_end.top_pods","order-service","15","185"
"daynight","proactive","rep2","segment_warmup_end.top_pods","product-service","15","180"
"daynight","proactive","rep2","segment_warmup_start.top_pods","gateway-service","5","192"
"daynight","proactive","rep2","segment_warmup_start.top_pods","gateway-service","32","196"
"daynight","proactive","rep2","segment_warmup_start.top_pods","gateway-service","25","191"
"daynight","proactive","rep2","segment_warmup_start.top_pods","gateway-service","20","189"
"daynight","proactive","rep2","segment_warmup_start.top_pods","gateway-service","15","220"
"daynight","proactive","rep2","segment_warmup_start.top_pods","gateway-service","34","192"
"daynight","proactive","rep2","segment_warmup_start.top_pods","order-service","15","185"
"daynight","proactive","rep2","segment_warmup_start.top_pods","product-service","15","180"
"daynight","proactive","rep3","segment_day_end.top_pods","gateway-service","68","193"
"daynight","proactive","rep3","segment_day_end.top_pods","gateway-service","45","197"
"daynight","proactive","rep3","segment_day_end.top_pods","gateway-service","55","191"
"daynight","proactive","rep3","segment_day_end.top_pods","gateway-service","45","190"
"daynight","proactive","rep3","segment_day_end.top_pods","gateway-service","19","220"
"daynight","proactive","rep3","segment_day_end.top_pods","gateway-service","85","194"
"daynight","proactive","rep3","segment_day_end.top_pods","order-service","41","186"
"daynight","proactive","rep3","segment_day_end.top_pods","product-service","31","180"
"daynight","proactive","rep3","segment_day_start.top_pods","gateway-service","24","194"
"daynight","proactive","rep3","segment_day_start.top_pods","gateway-service","12","196"
"daynight","proactive","rep3","segment_day_start.top_pods","gateway-service","12","191"
"daynight","proactive","rep3","segment_day_start.top_pods","gateway-service","18","190"
"daynight","proactive","rep3","segment_day_start.top_pods","gateway-service","22","221"
"daynight","proactive","rep3","segment_day_start.top_pods","gateway-service","12","193"
"daynight","proactive","rep3","segment_day_start.top_pods","order-service","13","186"
"daynight","proactive","rep3","segment_day_start.top_pods","product-service","12","180"
"daynight","proactive","rep3","segment_night_1_end.top_pods","gateway-service","24","194"
"daynight","proactive","rep3","segment_night_1_end.top_pods","gateway-service","12","196"
"daynight","proactive","rep3","segment_night_1_end.top_pods","gateway-service","12","191"
"daynight","proactive","rep3","segment_night_1_end.top_pods","gateway-service","18","190"
"daynight","proactive","rep3","segment_night_1_end.top_pods","gateway-service","22","221"
"daynight","proactive","rep3","segment_night_1_end.top_pods","gateway-service","12","193"
"daynight","proactive","rep3","segment_night_1_end.top_pods","order-service","13","186"
"daynight","proactive","rep3","segment_night_1_end.top_pods","product-service","12","180"
"daynight","proactive","rep3","segment_night_1_start.top_pods","gateway-service","18","193"
"daynight","proactive","rep3","segment_night_1_start.top_pods","gateway-service","38","197"
"daynight","proactive","rep3","segment_night_1_start.top_pods","gateway-service","18","191"
"daynight","proactive","rep3","segment_night_1_start.top_pods","gateway-service","9","190"
"daynight","proactive","rep3","segment_night_1_start.top_pods","gateway-service","9","220"
"daynight","proactive","rep3","segment_night_1_start.top_pods","gateway-service","35","193"
"daynight","proactive","rep3","segment_night_1_start.top_pods","order-service","12","186"
"daynight","proactive","rep3","segment_night_1_start.top_pods","product-service","11","180"
"daynight","proactive","rep3","segment_night_2_end.top_pods","gateway-service","42","194"
"daynight","proactive","rep3","segment_night_2_end.top_pods","gateway-service","44","197"
"daynight","proactive","rep3","segment_night_2_end.top_pods","gateway-service","13","191"
"daynight","proactive","rep3","segment_night_2_end.top_pods","gateway-service","13","190"
"daynight","proactive","rep3","segment_night_2_end.top_pods","gateway-service","4","220"
"daynight","proactive","rep3","segment_night_2_end.top_pods","gateway-service","4","192"
"daynight","proactive","rep3","segment_night_2_end.top_pods","order-service","14","186"
"daynight","proactive","rep3","segment_night_2_end.top_pods","product-service","12","180"
"daynight","proactive","rep3","segment_night_2_start.top_pods","gateway-service","68","193"
"daynight","proactive","rep3","segment_night_2_start.top_pods","gateway-service","45","197"
"daynight","proactive","rep3","segment_night_2_start.top_pods","gateway-service","55","191"
"daynight","proactive","rep3","segment_night_2_start.top_pods","gateway-service","45","190"
"daynight","proactive","rep3","segment_night_2_start.top_pods","gateway-service","19","220"
"daynight","proactive","rep3","segment_night_2_start.top_pods","gateway-service","85","194"
"daynight","proactive","rep3","segment_night_2_start.top_pods","order-service","41","186"
"daynight","proactive","rep3","segment_night_2_start.top_pods","product-service","31","180"
"daynight","proactive","rep3","segment_warmup_end.top_pods","gateway-service","18","193"
"daynight","proactive","rep3","segment_warmup_end.top_pods","gateway-service","38","197"
"daynight","proactive","rep3","segment_warmup_end.top_pods","gateway-service","18","191"
"daynight","proactive","rep3","segment_warmup_end.top_pods","gateway-service","9","190"
"daynight","proactive","rep3","segment_warmup_end.top_pods","gateway-service","9","220"
"daynight","proactive","rep3","segment_warmup_end.top_pods","gateway-service","35","193"
"daynight","proactive","rep3","segment_warmup_end.top_pods","order-service","12","186"
"daynight","proactive","rep3","segment_warmup_end.top_pods","product-service","11","180"
"daynight","proactive","rep3","segment_warmup_start.top_pods","gateway-service","93","193"
"daynight","proactive","rep3","segment_warmup_start.top_pods","gateway-service","40","197"
"daynight","proactive","rep3","segment_warmup_start.top_pods","gateway-service","36","191"
"daynight","proactive","rep3","segment_warmup_start.top_pods","gateway-service","18","190"
"daynight","proactive","rep3","segment_warmup_start.top_pods","gateway-service","16","220"
"daynight","proactive","rep3","segment_warmup_start.top_pods","gateway-service","36","193"
"daynight","proactive","rep3","segment_warmup_start.top_pods","order-service","22","186"
"daynight","proactive","rep3","segment_warmup_start.top_pods","product-service","19","180"
"daynight","reactive","rep1","segment_day_end.top_pods","gateway-service","147","179"
"daynight","reactive","rep1","segment_day_end.top_pods","gateway-service","41","180"
"daynight","reactive","rep1","segment_day_end.top_pods","gateway-service","98","180"
"daynight","reactive","rep1","segment_day_end.top_pods","gateway-service","70","166"
"daynight","reactive","rep1","segment_day_end.top_pods","gateway-service","64","221"
"daynight","reactive","rep1","segment_day_end.top_pods","gateway-service","58","174"
"daynight","reactive","rep1","segment_day_end.top_pods","order-service","35","184"
"daynight","reactive","rep1","segment_day_end.top_pods","product-service","30","179"
"daynight","reactive","rep1","segment_day_start.top_pods","gateway-service","57","174"
"daynight","reactive","rep1","segment_day_start.top_pods","gateway-service","93","180"
"daynight","reactive","rep1","segment_day_start.top_pods","gateway-service","49","173"
"daynight","reactive","rep1","segment_day_start.top_pods","gateway-service","78","164"
"daynight","reactive","rep1","segment_day_start.top_pods","gateway-service","44","220"
"daynight","reactive","rep1","segment_day_start.top_pods","gateway-service","81","173"
"daynight","reactive","rep1","segment_day_start.top_pods","order-service","32","184"
"daynight","reactive","rep1","segment_day_start.top_pods","product-service","21","179"
"daynight","reactive","rep1","segment_night_1_end.top_pods","gateway-service","29","173"
"daynight","reactive","rep1","segment_night_1_end.top_pods","gateway-service","48","175"
"daynight","reactive","rep1","segment_night_1_end.top_pods","gateway-service","23","173"
"daynight","reactive","rep1","segment_night_1_end.top_pods","gateway-service","64","164"
"daynight","reactive","rep1","segment_night_1_end.top_pods","gateway-service","23","220"
"daynight","reactive","rep1","segment_night_1_end.top_pods","gateway-service","30","169"
"daynight","reactive","rep1","segment_night_1_end.top_pods","order-service","14","184"
"daynight","reactive","rep1","segment_night_1_end.top_pods","product-service","12","179"
"daynight","reactive","rep1","segment_night_1_start.top_pods","gateway-service","40","169"
"daynight","reactive","rep1","segment_night_1_start.top_pods","gateway-service","112","172"
"daynight","reactive","rep1","segment_night_1_start.top_pods","gateway-service","59","173"
"daynight","reactive","rep1","segment_night_1_start.top_pods","gateway-service","58","160"
"daynight","reactive","rep1","segment_night_1_start.top_pods","gateway-service","16","220"
"daynight","reactive","rep1","segment_night_1_start.top_pods","gateway-service","96","169"
"daynight","reactive","rep1","segment_night_1_start.top_pods","order-service","24","184"
"daynight","reactive","rep1","segment_night_1_start.top_pods","product-service","24","179"
"daynight","reactive","rep1","segment_night_2_end.top_pods","gateway-service","59","181"
"daynight","reactive","rep1","segment_night_2_end.top_pods","gateway-service","21","180"
"daynight","reactive","rep1","segment_night_2_end.top_pods","gateway-service","16","180"
"daynight","reactive","rep1","segment_night_2_end.top_pods","gateway-service","25","171"
"daynight","reactive","rep1","segment_night_2_end.top_pods","gateway-service","11","220"
"daynight","reactive","rep1","segment_night_2_end.top_pods","gateway-service","21","174"
"daynight","reactive","rep1","segment_night_2_end.top_pods","order-service","16","184"
"daynight","reactive","rep1","segment_night_2_end.top_pods","product-service","11","179"
"daynight","reactive","rep1","segment_night_2_start.top_pods","gateway-service","147","179"
"daynight","reactive","rep1","segment_night_2_start.top_pods","gateway-service","41","180"
"daynight","reactive","rep1","segment_night_2_start.top_pods","gateway-service","98","180"
"daynight","reactive","rep1","segment_night_2_start.top_pods","gateway-service","70","166"
"daynight","reactive","rep1","segment_night_2_start.top_pods","gateway-service","64","221"
"daynight","reactive","rep1","segment_night_2_start.top_pods","gateway-service","58","174"
"daynight","reactive","rep1","segment_night_2_start.top_pods","order-service","35","184"
"daynight","reactive","rep1","segment_night_2_start.top_pods","product-service","30","179"
"daynight","reactive","rep1","segment_warmup_end.top_pods","gateway-service","40","169"
"daynight","reactive","rep1","segment_warmup_end.top_pods","gateway-service","112","172"
"daynight","reactive","rep1","segment_warmup_end.top_pods","gateway-service","59","173"
"daynight","reactive","rep1","segment_warmup_end.top_pods","gateway-service","58","160"
"daynight","reactive","rep1","segment_warmup_end.top_pods","gateway-service","16","220"
"daynight","reactive","rep1","segment_warmup_end.top_pods","gateway-service","96","169"
"daynight","reactive","rep1","segment_warmup_end.top_pods","order-service","24","184"
"daynight","reactive","rep1","segment_warmup_end.top_pods","product-service","24","179"
"daynight","reactive","rep1","segment_warmup_start.top_pods","gateway-service","40","169"
"daynight","reactive","rep1","segment_warmup_start.top_pods","gateway-service","112","172"
"daynight","reactive","rep1","segment_warmup_start.top_pods","gateway-service","59","173"
"daynight","reactive","rep1","segment_warmup_start.top_pods","gateway-service","58","160"
"daynight","reactive","rep1","segment_warmup_start.top_pods","gateway-service","16","220"
"daynight","reactive","rep1","segment_warmup_start.top_pods","gateway-service","96","169"
"daynight","reactive","rep1","segment_warmup_start.top_pods","order-service","24","184"
"daynight","reactive","rep1","segment_warmup_start.top_pods","product-service","24","179"
"daynight","reactive","rep2","segment_day_end.top_pods","gateway-service","41","176"
"daynight","reactive","rep2","segment_day_end.top_pods","gateway-service","123","179"
"daynight","reactive","rep2","segment_day_end.top_pods","gateway-service","99","182"
"daynight","reactive","rep2","segment_day_end.top_pods","gateway-service","79","183"
"daynight","reactive","rep2","segment_day_end.top_pods","gateway-service","43","220"
"daynight","reactive","rep2","segment_day_end.top_pods","gateway-service","94","177"
"daynight","reactive","rep2","segment_day_end.top_pods","order-service","44","185"
"daynight","reactive","rep2","segment_day_end.top_pods","product-service","31","179"
"daynight","reactive","rep2","segment_day_start.top_pods","gateway-service","21","175"
"daynight","reactive","rep2","segment_day_start.top_pods","gateway-service","59","182"
"daynight","reactive","rep2","segment_day_start.top_pods","gateway-service","19","181"
"daynight","reactive","rep2","segment_day_start.top_pods","gateway-service","50","172"
"daynight","reactive","rep2","segment_day_start.top_pods","gateway-service","13","220"
"daynight","reactive","rep2","segment_day_start.top_pods","gateway-service","22","176"
"daynight","reactive","rep2","segment_day_start.top_pods","order-service","16","184"
"daynight","reactive","rep2","segment_day_start.top_pods","product-service","12","179"
"daynight","reactive","rep2","segment_night_1_end.top_pods","gateway-service","45","177"
"daynight","reactive","rep2","segment_night_1_end.top_pods","gateway-service","35","181"
"daynight","reactive","rep2","segment_night_1_end.top_pods","gateway-service","20","180"
"daynight","reactive","rep2","segment_night_1_end.top_pods","gateway-service","48","172"
"daynight","reactive","rep2","segment_night_1_end.top_pods","gateway-service","13","220"
"daynight","reactive","rep2","segment_night_1_end.top_pods","gateway-service","18","175"
"daynight","reactive","rep2","segment_night_1_end.top_pods","order-service","14","184"
"daynight","reactive","rep2","segment_night_1_end.top_pods","product-service","11","179"
"daynight","reactive","rep2","segment_night_1_start.top_pods","gateway-service","59","181"
"daynight","reactive","rep2","segment_night_1_start.top_pods","gateway-service","21","180"
"daynight","reactive","rep2","segment_night_1_start.top_pods","gateway-service","16","180"
"daynight","reactive","rep2","segment_night_1_start.top_pods","gateway-service","25","171"
"daynight","reactive","rep2","segment_night_1_start.top_pods","gateway-service","11","220"
"daynight","reactive","rep2","segment_night_1_start.top_pods","gateway-service","21","174"
"daynight","reactive","rep2","segment_night_1_start.top_pods","order-service","16","184"
"daynight","reactive","rep2","segment_night_1_start.top_pods","product-service","11","179"
"daynight","reactive","rep2","segment_night_2_end.top_pods","gateway-service","11","176"
"daynight","reactive","rep2","segment_night_2_end.top_pods","gateway-service","34","179"
"daynight","reactive","rep2","segment_night_2_end.top_pods","gateway-service","76","183"
"daynight","reactive","rep2","segment_night_2_end.top_pods","gateway-service","66","183"
"daynight","reactive","rep2","segment_night_2_end.top_pods","gateway-service","79","221"
"daynight","reactive","rep2","segment_night_2_end.top_pods","gateway-service","69","177"
"daynight","reactive","rep2","segment_night_2_end.top_pods","order-service","33","185"
"daynight","reactive","rep2","segment_night_2_end.top_pods","product-service","25","179"
"daynight","reactive","rep2","segment_night_2_start.top_pods","gateway-service","41","176"
"daynight","reactive","rep2","segment_night_2_start.top_pods","gateway-service","123","179"
"daynight","reactive","rep2","segment_night_2_start.top_pods","gateway-service","99","182"
"daynight","reactive","rep2","segment_night_2_start.top_pods","gateway-service","79","183"
"daynight","reactive","rep2","segment_night_2_start.top_pods","gateway-service","43","220"
"daynight","reactive","rep2","segment_night_2_start.top_pods","gateway-service","94","177"
"daynight","reactive","rep2","segment_night_2_start.top_pods","order-service","44","185"
"daynight","reactive","rep2","segment_night_2_start.top_pods","product-service","31","179"
"daynight","reactive","rep2","segment_warmup_end.top_pods","gateway-service","59","181"
"daynight","reactive","rep2","segment_warmup_end.top_pods","gateway-service","21","180"
"daynight","reactive","rep2","segment_warmup_end.top_pods","gateway-service","16","180"
"daynight","reactive","rep2","segment_warmup_end.top_pods","gateway-service","25","171"
"daynight","reactive","rep2","segment_warmup_end.top_pods","gateway-service","11","220"
"daynight","reactive","rep2","segment_warmup_end.top_pods","gateway-service","21","174"
"daynight","reactive","rep2","segment_warmup_end.top_pods","order-service","16","184"
"daynight","reactive","rep2","segment_warmup_end.top_pods","product-service","11","179"
"daynight","reactive","rep2","segment_warmup_start.top_pods","gateway-service","59","181"
"daynight","reactive","rep2","segment_warmup_start.top_pods","gateway-service","21","180"
"daynight","reactive","rep2","segment_warmup_start.top_pods","gateway-service","16","180"
"daynight","reactive","rep2","segment_warmup_start.top_pods","gateway-service","25","171"
"daynight","reactive","rep2","segment_warmup_start.top_pods","gateway-service","11","220"
"daynight","reactive","rep2","segment_warmup_start.top_pods","gateway-service","21","174"
"daynight","reactive","rep2","segment_warmup_start.top_pods","order-service","16","184"
"daynight","reactive","rep2","segment_warmup_start.top_pods","product-service","11","179"
"daynight","reactive","rep3","segment_day_end.top_pods","gateway-service","152","183"
"daynight","reactive","rep3","segment_day_end.top_pods","gateway-service","160","185"
"daynight","reactive","rep3","segment_day_end.top_pods","gateway-service","118","187"
"daynight","reactive","rep3","segment_day_end.top_pods","gateway-service","113","184"
"daynight","reactive","rep3","segment_day_end.top_pods","gateway-service","27","220"
"daynight","reactive","rep3","segment_day_end.top_pods","gateway-service","111","190"
"daynight","reactive","rep3","segment_day_end.top_pods","order-service","62","185"
"daynight","reactive","rep3","segment_day_end.top_pods","product-service","55","179"
"daynight","reactive","rep3","segment_day_start.top_pods","gateway-service","33","178"
"daynight","reactive","rep3","segment_day_start.top_pods","gateway-service","32","179"
"daynight","reactive","rep3","segment_day_start.top_pods","gateway-service","35","178"
"daynight","reactive","rep3","segment_day_start.top_pods","gateway-service","53","184"
"daynight","reactive","rep3","segment_day_start.top_pods","gateway-service","12","220"
"daynight","reactive","rep3","segment_day_start.top_pods","gateway-service","47","177"
"daynight","reactive","rep3","segment_day_start.top_pods","order-service","21","185"
"daynight","reactive","rep3","segment_day_start.top_pods","product-service","15","179"
"daynight","reactive","rep3","segment_night_1_end.top_pods","gateway-service","33","178"
"daynight","reactive","rep3","segment_night_1_end.top_pods","gateway-service","32","179"
"daynight","reactive","rep3","segment_night_1_end.top_pods","gateway-service","35","178"
"daynight","reactive","rep3","segment_night_1_end.top_pods","gateway-service","53","184"
"daynight","reactive","rep3","segment_night_1_end.top_pods","gateway-service","12","220"
"daynight","reactive","rep3","segment_night_1_end.top_pods","gateway-service","47","177"
"daynight","reactive","rep3","segment_night_1_end.top_pods","order-service","21","185"
"daynight","reactive","rep3","segment_night_1_end.top_pods","product-service","15","179"
"daynight","reactive","rep3","segment_night_1_start.top_pods","gateway-service","30","178"
"daynight","reactive","rep3","segment_night_1_start.top_pods","gateway-service","8","178"
"daynight","reactive","rep3","segment_night_1_start.top_pods","gateway-service","98","179"
"daynight","reactive","rep3","segment_night_1_start.top_pods","gateway-service","30","183"
"daynight","reactive","rep3","segment_night_1_start.top_pods","gateway-service","15","220"
"daynight","reactive","rep3","segment_night_1_start.top_pods","gateway-service","100","177"
"daynight","reactive","rep3","segment_night_1_start.top_pods","order-service","28","185"
"daynight","reactive","rep3","segment_night_1_start.top_pods","product-service","14","179"
"daynight","reactive","rep3","segment_night_2_end.top_pods","gateway-service","71","183"
"daynight","reactive","rep3","segment_night_2_end.top_pods","gateway-service","44","185"
"daynight","reactive","rep3","segment_night_2_end.top_pods","gateway-service","67","188"
"daynight","reactive","rep3","segment_night_2_end.top_pods","gateway-service","30","184"
"daynight","reactive","rep3","segment_night_2_end.top_pods","gateway-service","11","220"
"daynight","reactive","rep3","segment_night_2_end.top_pods","gateway-service","74","190"
"daynight","reactive","rep3","segment_night_2_end.top_pods","order-service","35","185"
"daynight","reactive","rep3","segment_night_2_end.top_pods","product-service","26","179"
"daynight","reactive","rep3","segment_night_2_start.top_pods","gateway-service","152","183"
"daynight","reactive","rep3","segment_night_2_start.top_pods","gateway-service","160","185"
"daynight","reactive","rep3","segment_night_2_start.top_pods","gateway-service","118","187"
"daynight","reactive","rep3","segment_night_2_start.top_pods","gateway-service","113","184"
"daynight","reactive","rep3","segment_night_2_start.top_pods","gateway-service","27","220"
"daynight","reactive","rep3","segment_night_2_start.top_pods","gateway-service","111","190"
"daynight","reactive","rep3","segment_night_2_start.top_pods","order-service","62","185"
"daynight","reactive","rep3","segment_night_2_start.top_pods","product-service","55","179"
"daynight","reactive","rep3","segment_warmup_end.top_pods","gateway-service","30","178"
"daynight","reactive","rep3","segment_warmup_end.top_pods","gateway-service","8","178"
"daynight","reactive","rep3","segment_warmup_end.top_pods","gateway-service","98","179"
"daynight","reactive","rep3","segment_warmup_end.top_pods","gateway-service","30","183"
"daynight","reactive","rep3","segment_warmup_end.top_pods","gateway-service","15","220"
"daynight","reactive","rep3","segment_warmup_end.top_pods","gateway-service","100","177"
"daynight","reactive","rep3","segment_warmup_end.top_pods","order-service","28","185"
"daynight","reactive","rep3","segment_warmup_end.top_pods","product-service","14","179"
"daynight","reactive","rep3","segment_warmup_start.top_pods","gateway-service","30","178"
"daynight","reactive","rep3","segment_warmup_start.top_pods","gateway-service","8","178"
"daynight","reactive","rep3","segment_warmup_start.top_pods","gateway-service","98","179"
"daynight","reactive","rep3","segment_warmup_start.top_pods","gateway-service","30","183"
"daynight","reactive","rep3","segment_warmup_start.top_pods","gateway-service","15","220"
"daynight","reactive","rep3","segment_warmup_start.top_pods","gateway-service","100","177"
"daynight","reactive","rep3","segment_warmup_start.top_pods","order-service","28","185"
"daynight","reactive","rep3","segment_warmup_start.top_pods","product-service","14","179"
"","","","strategy_baseline_applied.top_pods","gateway-service","9","168"
"","","","strategy_baseline_applied.top_pods","order-service","9","152"
"","","","strategy_baseline_applied.top_pods","product-service","11","154"
"","","","strategy_hybrid_applied.top_pods","gateway-service","42","194"
"","","","strategy_hybrid_applied.top_pods","gateway-service","44","197"
"","","","strategy_hybrid_applied.top_pods","gateway-service","13","191"
"","","","strategy_hybrid_applied.top_pods","gateway-service","13","190"
"","","","strategy_hybrid_applied.top_pods","gateway-service","4","220"
"","","","strategy_hybrid_applied.top_pods","gateway-service","4","192"
"","","","strategy_hybrid_applied.top_pods","order-service","14","186"
"","","","strategy_hybrid_applied.top_pods","product-service","12","180"
"","","","strategy_proactive_applied.top_pods","gateway-service","71","183"
"","","","strategy_proactive_applied.top_pods","gateway-service","44","185"
"","","","strategy_proactive_applied.top_pods","gateway-service","67","188"
"","","","strategy_proactive_applied.top_pods","gateway-service","30","184"
"","","","strategy_proactive_applied.top_pods","gateway-service","11","220"
"","","","strategy_proactive_applied.top_pods","gateway-service","74","190"
"","","","strategy_proactive_applied.top_pods","order-service","35","185"
"","","","strategy_proactive_applied.top_pods","product-service","26","179"
"","","","strategy_reactive_applied.top_pods","gateway-service","112","220"
"","","","strategy_reactive_applied.top_pods","order-service","22","183"
"","","","strategy_reactive_applied.top_pods","product-service","17","178"
"spike","baseline","rep1","segment_low_1_end.top_pods","gateway-service","254","190"
"spike","baseline","rep1","segment_low_1_end.top_pods","order-service","82","161"
"spike","baseline","rep1","segment_low_1_end.top_pods","product-service","80","160"
"spike","baseline","rep1","segment_low_1_start.top_pods","gateway-service","94","177"
"spike","baseline","rep1","segment_low_1_start.top_pods","order-service","45","171"
"spike","baseline","rep1","segment_low_1_start.top_pods","product-service","41","156"
"spike","baseline","rep1","segment_low_2_end.top_pods","gateway-service","262","210"
"spike","baseline","rep1","segment_low_2_end.top_pods","order-service","54","168"
"spike","baseline","rep1","segment_low_2_end.top_pods","product-service","58","169"
"spike","baseline","rep1","segment_low_2_start.top_pods","gateway-service","321","203"
"spike","baseline","rep1","segment_low_2_start.top_pods","order-service","119","168"
"spike","baseline","rep1","segment_low_2_start.top_pods","product-service","117","169"
"spike","baseline","rep1","segment_spike_end.top_pods","gateway-service","321","203"
"spike","baseline","rep1","segment_spike_end.top_pods","order-service","119","168"
"spike","baseline","rep1","segment_spike_end.top_pods","product-service","117","169"
"spike","baseline","rep1","segment_spike_start.top_pods","gateway-service","254","190"
"spike","baseline","rep1","segment_spike_start.top_pods","order-service","82","161"
"spike","baseline","rep1","segment_spike_start.top_pods","product-service","80","160"
"spike","baseline","rep1","segment_warmup_end.top_pods","gateway-service","94","177"
"spike","baseline","rep1","segment_warmup_end.top_pods","order-service","45","171"
"spike","baseline","rep1","segment_warmup_end.top_pods","product-service","41","156"
"spike","baseline","rep1","segment_warmup_start.top_pods","gateway-service","9","168"
"spike","baseline","rep1","segment_warmup_start.top_pods","order-service","9","152"
"spike","baseline","rep1","segment_warmup_start.top_pods","product-service","11","154"
"spike","baseline","rep2","segment_low_1_end.top_pods","gateway-service","128","212"
"spike","baseline","rep2","segment_low_1_end.top_pods","order-service","41","175"
"spike","baseline","rep2","segment_low_1_end.top_pods","product-service","36","176"
"spike","baseline","rep2","segment_low_1_start.top_pods","gateway-service","262","210"
"spike","baseline","rep2","segment_low_1_start.top_pods","order-service","54","168"
"spike","baseline","rep2","segment_low_1_start.top_pods","product-service","58","169"
"spike","baseline","rep2","segment_low_2_end.top_pods","gateway-service","297","218"
"spike","baseline","rep2","segment_low_2_end.top_pods","order-service","85","179"
"spike","baseline","rep2","segment_low_2_end.top_pods","product-service","84","171"
"spike","baseline","rep2","segment_low_2_start.top_pods","gateway-service","156","214"
"spike","baseline","rep2","segment_low_2_start.top_pods","order-service","47","169"
"spike","baseline","rep2","segment_low_2_start.top_pods","product-service","44","173"
"spike","baseline","rep2","segment_spike_end.top_pods","gateway-service","156","214"
"spike","baseline","rep2","segment_spike_end.top_pods","order-service","47","169"
"spike","baseline","rep2","segment_spike_end.top_pods","product-service","44","173"
"spike","baseline","rep2","segment_spike_start.top_pods","gateway-service","128","212"
"spike","baseline","rep2","segment_spike_start.top_pods","order-service","41","175"
"spike","baseline","rep2","segment_spike_start.top_pods","product-service","36","176"
"spike","baseline","rep2","segment_warmup_end.top_pods","gateway-service","262","210"
"spike","baseline","rep2","segment_warmup_end.top_pods","order-service","54","168"
"spike","baseline","rep2","segment_warmup_end.top_pods","product-service","58","169"
"spike","baseline","rep2","segment_warmup_start.top_pods","gateway-service","262","210"
"spike","baseline","rep2","segment_warmup_start.top_pods","order-service","54","168"
"spike","baseline","rep2","segment_warmup_start.top_pods","product-service","58","169"
"spike","baseline","rep3","segment_low_1_end.top_pods","gateway-service","118","215"
"spike","baseline","rep3","segment_low_1_end.top_pods","order-service","62","186"
"spike","baseline","rep3","segment_low_1_end.top_pods","product-service","32","172"
"spike","baseline","rep3","segment_low_1_start.top_pods","gateway-service","106","212"
"spike","baseline","rep3","segment_low_1_start.top_pods","order-service","24","179"
"spike","baseline","rep3","segment_low_1_start.top_pods","product-service","21","171"
"spike","baseline","rep3","segment_low_2_end.top_pods","gateway-service","98","215"
"spike","baseline","rep3","segment_low_2_end.top_pods","order-service","19","182"
"spike","baseline","rep3","segment_low_2_end.top_pods","product-service","16","174"
"spike","baseline","rep3","segment_low_2_start.top_pods","gateway-service","305","215"
"spike","baseline","rep3","segment_low_2_start.top_pods","order-service","123","182"
"spike","baseline","rep3","segment_low_2_start.top_pods","product-service","130","174"
"spike","baseline","rep3","segment_spike_end.top_pods","gateway-service","305","215"
"spike","baseline","rep3","segment_spike_end.top_pods","order-service","123","182"
"spike","baseline","rep3","segment_spike_end.top_pods","product-service","130","174"
"spike","baseline","rep3","segment_spike_start.top_pods","gateway-service","118","215"
"spike","baseline","rep3","segment_spike_start.top_pods","order-service","62","186"
"spike","baseline","rep3","segment_spike_start.top_pods","product-service","32","172"
"spike","baseline","rep3","segment_warmup_end.top_pods","gateway-service","106","212"
"spike","baseline","rep3","segment_warmup_end.top_pods","order-service","24","179"
"spike","baseline","rep3","segment_warmup_end.top_pods","product-service","21","171"
"spike","baseline","rep3","segment_warmup_start.top_pods","gateway-service","297","218"
"spike","baseline","rep3","segment_warmup_start.top_pods","order-service","85","179"
"spike","baseline","rep3","segment_warmup_start.top_pods","product-service","84","171"
"spike","hybrid","rep1","segment_low_1_end.top_pods","gateway-service","18","194"
"spike","hybrid","rep1","segment_low_1_end.top_pods","gateway-service","26","197"
"spike","hybrid","rep1","segment_low_1_end.top_pods","gateway-service","21","191"
"spike","hybrid","rep1","segment_low_1_end.top_pods","gateway-service","4","189"
"spike","hybrid","rep1","segment_low_1_end.top_pods","gateway-service","19","221"
"spike","hybrid","rep1","segment_low_1_end.top_pods","gateway-service","11","193"
"spike","hybrid","rep1","segment_low_1_end.top_pods","order-service","17","186"
"spike","hybrid","rep1","segment_low_1_end.top_pods","product-service","14","180"
"spike","hybrid","rep1","segment_low_1_start.top_pods","gateway-service","42","194"
"spike","hybrid","rep1","segment_low_1_start.top_pods","gateway-service","44","197"
"spike","hybrid","rep1","segment_low_1_start.top_pods","gateway-service","13","191"
"spike","hybrid","rep1","segment_low_1_start.top_pods","gateway-service","13","190"
"spike","hybrid","rep1","segment_low_1_start.top_pods","gateway-service","4","220"
"spike","hybrid","rep1","segment_low_1_start.top_pods","gateway-service","4","192"
"spike","hybrid","rep1","segment_low_1_start.top_pods","order-service","14","186"
"spike","hybrid","rep1","segment_low_1_start.top_pods","product-service","12","180"
"spike","hybrid","rep1","segment_low_2_end.top_pods","gateway-service","49","194"
"spike","hybrid","rep1","segment_low_2_end.top_pods","gateway-service","21","197"
"spike","hybrid","rep1","segment_low_2_end.top_pods","gateway-service","56","192"
"spike","hybrid","rep1","segment_low_2_end.top_pods","gateway-service","91","191"
"spike","hybrid","rep1","segment_low_2_end.top_pods","gateway-service","13","220"
"spike","hybrid","rep1","segment_low_2_end.top_pods","gateway-service","33","194"
"spike","hybrid","rep1","segment_low_2_end.top_pods","order-service","37","186"
"spike","hybrid","rep1","segment_low_2_end.top_pods","product-service","29","180"
"spike","hybrid","rep1","segment_low_2_start.top_pods","gateway-service","18","194"
"spike","hybrid","rep1","segment_low_2_start.top_pods","gateway-service","26","197"
"spike","hybrid","rep1","segment_low_2_start.top_pods","gateway-service","21","191"
"spike","hybrid","rep1","segment_low_2_start.top_pods","gateway-service","4","189"
"spike","hybrid","rep1","segment_low_2_start.top_pods","gateway-service","19","221"
"spike","hybrid","rep1","segment_low_2_start.top_pods","gateway-service","11","193"
"spike","hybrid","rep1","segment_low_2_start.top_pods","order-service","17","186"
"spike","hybrid","rep1","segment_low_2_start.top_pods","product-service","14","180"
"spike","hybrid","rep1","segment_spike_end.top_pods","gateway-service","18","194"
"spike","hybrid","rep1","segment_spike_end.top_pods","gateway-service","26","197"
"spike","hybrid","rep1","segment_spike_end.top_pods","gateway-service","21","191"
"spike","hybrid","rep1","segment_spike_end.top_pods","gateway-service","4","189"
"spike","hybrid","rep1","segment_spike_end.top_pods","gateway-service","19","221"
"spike","hybrid","rep1","segment_spike_end.top_pods","gateway-service","11","193"
"spike","hybrid","rep1","segment_spike_end.top_pods","order-service","17","186"
"spike","hybrid","rep1","segment_spike_end.top_pods","product-service","14","180"
"spike","hybrid","rep1","segment_spike_start.top_pods","gateway-service","18","194"
"spike","hybrid","rep1","segment_spike_start.top_pods","gateway-service","26","197"
"spike","hybrid","rep1","segment_spike_start.top_pods","gateway-service","21","191"
"spike","hybrid","rep1","segment_spike_start.top_pods","gateway-service","4","189"
"spike","hybrid","rep1","segment_spike_start.top_pods","gateway-service","19","221"
"spike","hybrid","rep1","segment_spike_start.top_pods","gateway-service","11","193"
"spike","hybrid","rep1","segment_spike_start.top_pods","order-service","17","186"
"spike","hybrid","rep1","segment_spike_start.top_pods","product-service","14","180"
"spike","hybrid","rep1","segment_warmup_end.top_pods","gateway-service","42","194"
"spike","hybrid","rep1","segment_warmup_end.top_pods","gateway-service","44","197"
"spike","hybrid","rep1","segment_warmup_end.top_pods","gateway-service","13","191"
"spike","hybrid","rep1","segment_warmup_end.top_pods","gateway-service","13","190"
"spike","hybrid","rep1","segment_warmup_end.top_pods","gateway-service","4","220"
"spike","hybrid","rep1","segment_warmup_end.top_pods","gateway-service","4","192"
"spike","hybrid","rep1","segment_warmup_end.top_pods","order-service","14","186"
"spike","hybrid","rep1","segment_warmup_end.top_pods","product-service","12","180"
"spike","hybrid","rep1","segment_warmup_start.top_pods","gateway-service","42","194"
"spike","hybrid","rep1","segment_warmup_start.top_pods","gateway-service","44","197"
"spike","hybrid","rep1","segment_warmup_start.top_pods","gateway-service","13","191"
"spike","hybrid","rep1","segment_warmup_start.top_pods","gateway-service","13","190"
"spike","hybrid","rep1","segment_warmup_start.top_pods","gateway-service","4","220"
"spike","hybrid","rep1","segment_warmup_start.top_pods","gateway-service","4","192"
"spike","hybrid","rep1","segment_warmup_start.top_pods","order-service","14","186"
"spike","hybrid","rep1","segment_warmup_start.top_pods","product-service","12","180"
"spike","hybrid","rep2","segment_low_1_end.top_pods","gateway-service","17","194"
"spike","hybrid","rep2","segment_low_1_end.top_pods","gateway-service","6","196"
"spike","hybrid","rep2","segment_low_1_end.top_pods","gateway-service","22","192"
"spike","hybrid","rep2","segment_low_1_end.top_pods","gateway-service","11","190"
"spike","hybrid","rep2","segment_low_1_end.top_pods","gateway-service","18","221"
"spike","hybrid","rep2","segment_low_1_end.top_pods","gateway-service","16","193"
"spike","hybrid","rep2","segment_low_1_end.top_pods","order-service","13","186"
"spike","hybrid","rep2","segment_low_1_end.top_pods","product-service","11","180"
"spike","hybrid","rep2","segment_low_1_start.top_pods","gateway-service","5","193"
"spike","hybrid","rep2","segment_low_1_start.top_pods","gateway-service","16","197"
"spike","hybrid","rep2","segment_low_1_start.top_pods","gateway-service","28","192"
"spike","hybrid","rep2","segment_low_1_start.top_pods","gateway-service","29","191"
"spike","hybrid","rep2","segment_low_1_start.top_pods","gateway-service","4","220"
"spike","hybrid","rep2","segment_low_1_start.top_pods","gateway-service","4","192"
"spike","hybrid","rep2","segment_low_1_start.top_pods","order-service","13","186"
"spike","hybrid","rep2","segment_low_1_start.top_pods","product-service","10","180"
"spike","hybrid","rep2","segment_low_2_end.top_pods","gateway-service","12","194"
"spike","hybrid","rep2","segment_low_2_end.top_pods","gateway-service","31","198"
"spike","hybrid","rep2","segment_low_2_end.top_pods","gateway-service","19","192"
"spike","hybrid","rep2","segment_low_2_end.top_pods","gateway-service","18","220"
"spike","hybrid","rep2","segment_low_2_end.top_pods","gateway-service","18","193"
"spike","hybrid","rep2","segment_low_2_end.top_pods","order-service","16","186"
"spike","hybrid","rep2","segment_low_2_end.top_pods","product-service","14","180"
"spike","hybrid","rep2","segment_low_2_start.top_pods","gateway-service","18","194"
"spike","hybrid","rep2","segment_low_2_start.top_pods","gateway-service","63","197"
"spike","hybrid","rep2","segment_low_2_start.top_pods","gateway-service","69","192"
"spike","hybrid","rep2","segment_low_2_start.top_pods","gateway-service","46","220"
"spike","hybrid","rep2","segment_low_2_start.top_pods","gateway-service","77","194"
"spike","hybrid","rep2","segment_low_2_start.top_pods","order-service","38","186"
"spike","hybrid","rep2","segment_low_2_start.top_pods","product-service","41","181"
"spike","hybrid","rep2","segment_spike_end.top_pods","gateway-service","18","194"
"spike","hybrid","rep2","segment_spike_end.top_pods","gateway-service","63","197"
"spike","hybrid","rep2","segment_spike_end.top_pods","gateway-service","69","192"
"spike","hybrid","rep2","segment_spike_end.top_pods","gateway-service","46","220"
"spike","hybrid","rep2","segment_spike_end.top_pods","gateway-service","77","194"
"spike","hybrid","rep2","segment_spike_end.top_pods","order-service","38","186"
"spike","hybrid","rep2","segment_spike_end.top_pods","product-service","41","181"
"spike","hybrid","rep2","segment_spike_start.top_pods","gateway-service","17","194"
"spike","hybrid","rep2","segment_spike_start.top_pods","gateway-service","6","196"
"spike","hybrid","rep2","segment_spike_start.top_pods","gateway-service","22","192"
"spike","hybrid","rep2","segment_spike_start.top_pods","gateway-service","11","190"
"spike","hybrid","rep2","segment_spike_start.top_pods","gateway-service","18","221"
"spike","hybrid","rep2","segment_spike_start.top_pods","gateway-service","16","193"
"spike","hybrid","rep2","segment_spike_start.top_pods","order-service","13","186"
"spike","hybrid","rep2","segment_spike_start.top_pods","product-service","11","180"
"spike","hybrid","rep2","segment_warmup_end.top_pods","gateway-service","5","193"
"spike","hybrid","rep2","segment_warmup_end.top_pods","gateway-service","16","197"
"spike","hybrid","rep2","segment_warmup_end.top_pods","gateway-service","28","192"
"spike","hybrid","rep2","segment_warmup_end.top_pods","gateway-service","29","191"
"spike","hybrid","rep2","segment_warmup_end.top_pods","gateway-service","4","220"
"spike","hybrid","rep2","segment_warmup_end.top_pods","gateway-service","4","192"
"spike","hybrid","rep2","segment_warmup_end.top_pods","order-service","13","186"
"spike","hybrid","rep2","segment_warmup_end.top_pods","product-service","10","180"
"spike","hybrid","rep2","segment_warmup_start.top_pods","gateway-service","49","194"
"spike","hybrid","rep2","segment_warmup_start.top_pods","gateway-service","21","197"
"spike","hybrid","rep2","segment_warmup_start.top_pods","gateway-service","56","192"
"spike","hybrid","rep2","segment_warmup_start.top_pods","gateway-service","91","191"
"spike","hybrid","rep2","segment_warmup_start.top_pods","gateway-service","13","220"
"spike","hybrid","rep2","segment_warmup_start.top_pods","gateway-service","33","194"
"spike","hybrid","rep2","segment_warmup_start.top_pods","order-service","37","186"
"spike","hybrid","rep2","segment_warmup_start.top_pods","product-service","29","180"
"spike","hybrid","rep3","segment_low_1_end.top_pods","gateway-service","10","194"
"spike","hybrid","rep3","segment_low_1_end.top_pods","gateway-service","24","198"
"spike","hybrid","rep3","segment_low_1_end.top_pods","gateway-service","15","192"
"spike","hybrid","rep3","segment_low_1_end.top_pods","gateway-service","13","221"
"spike","hybrid","rep3","segment_low_1_end.top_pods","gateway-service","10","193"
"spike","hybrid","rep3","segment_low_1_end.top_pods","order-service","11","186"
"spike","hybrid","rep3","segment_low_1_end.top_pods","product-service","9","180"
"spike","hybrid","rep3","segment_low_1_start.top_pods","gateway-service","12","194"
"spike","hybrid","rep3","segment_low_1_start.top_pods","gateway-service","31","198"
"spike","hybrid","rep3","segment_low_1_start.top_pods","gateway-service","19","192"
"spike","hybrid","rep3","segment_low_1_start.top_pods","gateway-service","18","220"
"spike","hybrid","rep3","segment_low_1_start.top_pods","gateway-service","18","193"
"spike","hybrid","rep3","segment_low_1_start.top_pods","order-service","16","186"
"spike","hybrid","rep3","segment_low_1_start.top_pods","product-service","14","180"
"spike","hybrid","rep3","segment_low_2_end.top_pods","gateway-service","56","194"
"spike","hybrid","rep3","segment_low_2_end.top_pods","gateway-service","49","198"
"spike","hybrid","rep3","segment_low_2_end.top_pods","gateway-service","78","192"
"spike","hybrid","rep3","segment_low_2_end.top_pods","gateway-service","53","221"
"spike","hybrid","rep3","segment_low_2_end.top_pods","gateway-service","76","194"
"spike","hybrid","rep3","segment_low_2_end.top_pods","order-service","39","186"
"spike","hybrid","rep3","segment_low_2_end.top_pods","product-service","32","180"
"spike","hybrid","rep3","segment_low_2_start.top_pods","gateway-service","19","194"
"spike","hybrid","rep3","segment_low_2_start.top_pods","gateway-service","37","198"
"spike","hybrid","rep3","segment_low_2_start.top_pods","gateway-service","21","192"
"spike","hybrid","rep3","segment_low_2_start.top_pods","gateway-service","26","221"
"spike","hybrid","rep3","segment_low_2_start.top_pods","gateway-service","26","193"
"spike","hybrid","rep3","segment_low_2_start.top_pods","order-service","18","186"
"spike","hybrid","rep3","segment_low_2_start.top_pods","product-service","17","180"
"spike","hybrid","rep3","segment_spike_end.top_pods","gateway-service","19","194"
"spike","hybrid","rep3","segment_spike_end.top_pods","gateway-service","37","198"
"spike","hybrid","rep3","segment_spike_end.top_pods","gateway-service","21","192"
"spike","hybrid","rep3","segment_spike_end.top_pods","gateway-service","26","221"
"spike","hybrid","rep3","segment_spike_end.top_pods","gateway-service","26","193"
"spike","hybrid","rep3","segment_spike_end.top_pods","order-service","18","186"
"spike","hybrid","rep3","segment_spike_end.top_pods","product-service","17","180"
"spike","hybrid","rep3","segment_spike_start.top_pods","gateway-service","10","194"
"spike","hybrid","rep3","segment_spike_start.top_pods","gateway-service","24","198"
"spike","hybrid","rep3","segment_spike_start.top_pods","gateway-service","15","192"
"spike","hybrid","rep3","segment_spike_start.top_pods","gateway-service","13","221"
"spike","hybrid","rep3","segment_spike_start.top_pods","gateway-service","10","193"
"spike","hybrid","rep3","segment_spike_start.top_pods","order-service","11","186"
"spike","hybrid","rep3","segment_spike_start.top_pods","product-service","9","180"
"spike","hybrid","rep3","segment_warmup_end.top_pods","gateway-service","12","194"
"spike","hybrid","rep3","segment_warmup_end.top_pods","gateway-service","31","198"
"spike","hybrid","rep3","segment_warmup_end.top_pods","gateway-service","19","192"
"spike","hybrid","rep3","segment_warmup_end.top_pods","gateway-service","18","220"
"spike","hybrid","rep3","segment_warmup_end.top_pods","gateway-service","18","193"
"spike","hybrid","rep3","segment_warmup_end.top_pods","order-service","16","186"
"spike","hybrid","rep3","segment_warmup_end.top_pods","product-service","14","180"
"spike","hybrid","rep3","segment_warmup_start.top_pods","gateway-service","12","194"
"spike","hybrid","rep3","segment_warmup_start.top_pods","gateway-service","31","198"
"spike","hybrid","rep3","segment_warmup_start.top_pods","gateway-service","19","192"
"spike","hybrid","rep3","segment_warmup_start.top_pods","gateway-service","18","220"
"spike","hybrid","rep3","segment_warmup_start.top_pods","gateway-service","18","193"
"spike","hybrid","rep3","segment_warmup_start.top_pods","order-service","16","186"
"spike","hybrid","rep3","segment_warmup_start.top_pods","product-service","14","180"
"spike","proactive","rep1","segment_low_1_end.top_pods","gateway-service","72","190"
"spike","proactive","rep1","segment_low_1_end.top_pods","gateway-service","9","184"
"spike","proactive","rep1","segment_low_1_end.top_pods","gateway-service","6","186"
"spike","proactive","rep1","segment_low_1_end.top_pods","gateway-service","128","186"
"spike","proactive","rep1","segment_low_1_end.top_pods","gateway-service","29","220"
"spike","proactive","rep1","segment_low_1_end.top_pods","gateway-service","68","191"
"spike","proactive","rep1","segment_low_1_end.top_pods","order-service","21","185"
"spike","proactive","rep1","segment_low_1_end.top_pods","product-service","18","179"
"spike","proactive","rep1","segment_low_1_start.top_pods","gateway-service","14","183"
"spike","proactive","rep1","segment_low_1_start.top_pods","gateway-service","10","184"
"spike","proactive","rep1","segment_low_1_start.top_pods","gateway-service","21","187"
"spike","proactive","rep1","segment_low_1_start.top_pods","gateway-service","49","185"
"spike","proactive","rep1","segment_low_1_start.top_pods","gateway-service","14","220"
"spike","proactive","rep1","segment_low_1_start.top_pods","gateway-service","22","190"
"spike","proactive","rep1","segment_low_1_start.top_pods","order-service","11","185"
"spike","proactive","rep1","segment_low_1_start.top_pods","product-service","10","179"
"spike","proactive","rep1","segment_low_2_end.top_pods","gateway-service","60","191"
"spike","proactive","rep1","segment_low_2_end.top_pods","gateway-service","113","186"
"spike","proactive","rep1","segment_low_2_end.top_pods","gateway-service","119","188"
"spike","proactive","rep1","segment_low_2_end.top_pods","gateway-service","71","186"
"spike","proactive","rep1","segment_low_2_end.top_pods","gateway-service","20","220"
"spike","proactive","rep1","segment_low_2_end.top_pods","gateway-service","39","191"
"spike","proactive","rep1","segment_low_2_end.top_pods","order-service","45","185"
"spike","proactive","rep1","segment_low_2_end.top_pods","product-service","33","179"
"spike","proactive","rep1","segment_low_2_start.top_pods","gateway-service","72","190"
"spike","proactive","rep1","segment_low_2_start.top_pods","gateway-service","9","184"
"spike","proactive","rep1","segment_low_2_start.top_pods","gateway-service","6","186"
"spike","proactive","rep1","segment_low_2_start.top_pods","gateway-service","128","186"
"spike","proactive","rep1","segment_low_2_start.top_pods","gateway-service","29","220"
"spike","proactive","rep1","segment_low_2_start.top_pods","gateway-service","68","191"
"spike","proactive","rep1","segment_low_2_start.top_pods","order-service","21","185"
"spike","proactive","rep1","segment_low_2_start.top_pods","product-service","18","179"
"spike","proactive","rep1","segment_spike_end.top_pods","gateway-service","72","190"
"spike","proactive","rep1","segment_spike_end.top_pods","gateway-service","9","184"
"spike","proactive","rep1","segment_spike_end.top_pods","gateway-service","6","186"
"spike","proactive","rep1","segment_spike_end.top_pods","gateway-service","128","186"
"spike","proactive","rep1","segment_spike_end.top_pods","gateway-service","29","220"
"spike","proactive","rep1","segment_spike_end.top_pods","gateway-service","68","191"
"spike","proactive","rep1","segment_spike_end.top_pods","order-service","21","185"
"spike","proactive","rep1","segment_spike_end.top_pods","product-service","18","179"
"spike","proactive","rep1","segment_spike_start.top_pods","gateway-service","72","190"
"spike","proactive","rep1","segment_spike_start.top_pods","gateway-service","9","184"
"spike","proactive","rep1","segment_spike_start.top_pods","gateway-service","6","186"
"spike","proactive","rep1","segment_spike_start.top_pods","gateway-service","128","186"
"spike","proactive","rep1","segment_spike_start.top_pods","gateway-service","29","220"
"spike","proactive","rep1","segment_spike_start.top_pods","gateway-service","68","191"
"spike","proactive","rep1","segment_spike_start.top_pods","order-service","21","185"
"spike","proactive","rep1","segment_spike_start.top_pods","product-service","18","179"
"spike","proactive","rep1","segment_warmup_end.top_pods","gateway-service","19","183"
"spike","proactive","rep1","segment_warmup_end.top_pods","gateway-service","20","185"
"spike","proactive","rep1","segment_warmup_end.top_pods","gateway-service","5","186"
"spike","proactive","rep1","segment_warmup_end.top_pods","gateway-service","21","185"
"spike","proactive","rep1","segment_warmup_end.top_pods","gateway-service","9","220"
"spike","proactive","rep1","segment_warmup_end.top_pods","gateway-service","27","191"
"spike","proactive","rep1","segment_warmup_end.top_pods","order-service","12","185"
"spike","proactive","rep1","segment_warmup_end.top_pods","product-service","9","179"
"spike","proactive","rep1","segment_warmup_start.top_pods","gateway-service","19","183"
"spike","proactive","rep1","segment_warmup_start.top_pods","gateway-service","20","185"
"spike","proactive","rep1","segment_warmup_start.top_pods","gateway-service","5","186"
"spike","proactive","rep1","segment_warmup_start.top_pods","gateway-service","21","185"
"spike","proactive","rep1","segment_warmup_start.top_pods","gateway-service","9","220"
"spike","proactive","rep1","segment_warmup_start.top_pods","gateway-service","27","191"
"spike","proactive","rep1","segment_warmup_start.top_pods","order-service","12","185"
"spike","proactive","rep1","segment_warmup_start.top_pods","product-service","9","179"
"spike","proactive","rep2","segment_low_1_end.top_pods","gateway-service","7","190"
"spike","proactive","rep2","segment_low_1_end.top_pods","gateway-service","46","187"
"spike","proactive","rep2","segment_low_1_end.top_pods","gateway-service","6","188"
"spike","proactive","rep2","segment_low_1_end.top_pods","gateway-service","16","186"
"spike","proactive","rep2","segment_low_1_end.top_pods","gateway-service","29","221"
"spike","proactive","rep2","segment_low_1_end.top_pods","gateway-service","13","191"
"spike","proactive","rep2","segment_low_1_end.top_pods","order-service","13","185"
"spike","proactive","rep2","segment_low_1_end.top_pods","product-service","15","179"
"spike","proactive","rep2","segment_low_1_start.top_pods","gateway-service","13","191"
"spike","proactive","rep2","segment_low_1_start.top_pods","gateway-service","23","186"
"spike","proactive","rep2","segment_low_1_start.top_pods","gateway-service","16","188"
"spike","proactive","rep2","segment_low_1_start.top_pods","gateway-service","29","186"
"spike","proactive","rep2","segment_low_1_start.top_pods","gateway-service","25","221"
"spike","proactive","rep2","segment_low_1_start.top_pods","gateway-service","15","191"
"spike","proactive","rep2","segment_low_1_start.top_pods","order-service","13","185"
"spike","proactive","rep2","segment_low_1_start.top_pods","product-service","13","179"
"spike","proactive","rep2","segment_low_2_end.top_pods","gateway-service","51","191"
"spike","proactive","rep2","segment_low_2_end.top_pods","gateway-service","45","194"
"spike","proactive","rep2","segment_low_2_end.top_pods","gateway-service","38","189"
"spike","proactive","rep2","segment_low_2_end.top_pods","gateway-service","23","186"
"spike","proactive","rep2","segment_low_2_end.top_pods","gateway-service","24","220"
"spike","proactive","rep2","segment_low_2_end.top_pods","gateway-service","34","191"
"spike","proactive","rep2","segment_low_2_end.top_pods","order-service","27","185"
"spike","proactive","rep2","segment_low_2_end.top_pods","product-service","26","179"
"spike","proactive","rep2","segment_low_2_start.top_pods","gateway-service","40","191"
"spike","proactive","rep2","segment_low_2_start.top_pods","gateway-service","82","195"
"spike","proactive","rep2","segment_low_2_start.top_pods","gateway-service","47","188"
"spike","proactive","rep2","segment_low_2_start.top_pods","gateway-service","97","187"
"spike","proactive","rep2","segment_low_2_start.top_pods","gateway-service","40","221"
"spike","proactive","rep2","segment_low_2_start.top_pods","gateway-service","49","191"
"spike","proactive","rep2","segment_low_2_start.top_pods","order-service","36","185"
"spike","proactive","rep2","segment_low_2_start.top_pods","product-service","29","179"
"spike","proactive","rep2","segment_spike_end.top_pods","gateway-service","40","191"
"spike","proactive","rep2","segment_spike_end.top_pods","gateway-service","82","195"
"spike","proactive","rep2","segment_spike_end.top_pods","gateway-service","47","188"
"spike","proactive","rep2","segment_spike_end.top_pods","gateway-service","97","187"
"spike","proactive","rep2","segment_spike_end.top_pods","gateway-service","40","221"
"spike","proactive","rep2","segment_spike_end.top_pods","gateway-service","49","191"
"spike","proactive","rep2","segment_spike_end.top_pods","order-service","36","185"
"spike","proactive","rep2","segment_spike_end.top_pods","product-service","29","179"
"spike","proactive","rep2","segment_spike_start.top_pods","gateway-service","7","190"
"spike","proactive","rep2","segment_spike_start.top_pods","gateway-service","46","187"
"spike","proactive","rep2","segment_spike_start.top_pods","gateway-service","6","188"
"spike","proactive","rep2","segment_spike_start.top_pods","gateway-service","16","186"
"spike","proactive","rep2","segment_spike_start.top_pods","gateway-service","29","221"
"spike","proactive","rep2","segment_spike_start.top_pods","gateway-service","13","191"
"spike","proactive","rep2","segment_spike_start.top_pods","order-service","13","185"
"spike","proactive","rep2","segment_spike_start.top_pods","product-service","15","179"
"spike","proactive","rep2","segment_warmup_end.top_pods","gateway-service","13","191"
"spike","proactive","rep2","segment_warmup_end.top_pods","gateway-service","23","186"
"spike","proactive","rep2","segment_warmup_end.top_pods","gateway-service","16","188"
"spike","proactive","rep2","segment_warmup_end.top_pods","gateway-service","29","186"
"spike","proactive","rep2","segment_warmup_end.top_pods","gateway-service","25","221"
"spike","proactive","rep2","segment_warmup_end.top_pods","gateway-service","15","191"
"spike","proactive","rep2","segment_warmup_end.top_pods","order-service","13","185"
"spike","proactive","rep2","segment_warmup_end.top_pods","product-service","13","179"
"spike","proactive","rep2","segment_warmup_start.top_pods","gateway-service","13","191"
"spike","proactive","rep2","segment_warmup_start.top_pods","gateway-service","23","186"
"spike","proactive","rep2","segment_warmup_start.top_pods","gateway-service","16","188"
"spike","proactive","rep2","segment_warmup_start.top_pods","gateway-service","29","186"
"spike","proactive","rep2","segment_warmup_start.top_pods","gateway-service","25","221"
"spike","proactive","rep2","segment_warmup_start.top_pods","gateway-service","15","191"
"spike","proactive","rep2","segment_warmup_start.top_pods","order-service","13","185"
"spike","proactive","rep2","segment_warmup_start.top_pods","product-service","13","179"
"spike","proactive","rep3","segment_low_1_end.top_pods","gateway-service","20","191"
"spike","proactive","rep3","segment_low_1_end.top_pods","gateway-service","29","195"
"spike","proactive","rep3","segment_low_1_end.top_pods","gateway-service","11","188"
"spike","proactive","rep3","segment_low_1_end.top_pods","gateway-service","16","187"
"spike","proactive","rep3","segment_low_1_end.top_pods","gateway-service","10","220"
"spike","proactive","rep3","segment_low_1_end.top_pods","gateway-service","18","192"
"spike","proactive","rep3","segment_low_1_end.top_pods","order-service","11","185"
"spike","proactive","rep3","segment_low_1_end.top_pods","product-service","12","179"
"spike","proactive","rep3","segment_low_1_start.top_pods","gateway-service","51","191"
"spike","proactive","rep3","segment_low_1_start.top_pods","gateway-service","45","194"
"spike","proactive","rep3","segment_low_1_start.top_pods","gateway-service","38","189"
"spike","proactive","rep3","segment_low_1_start.top_pods","gateway-service","23","186"
"spike","proactive","rep3","segment_low_1_start.top_pods","gateway-service","24","220"
"spike","proactive","rep3","segment_low_1_start.top_pods","gateway-service","34","191"
"spike","proactive","rep3","segment_low_1_start.top_pods","order-service","27","185"
"spike","proactive","rep3","segment_low_1_start.top_pods","product-service","26","179"
"spike","proactive","rep3","segment_low_2_end.top_pods","gateway-service","13","192"
"spike","proactive","rep3","segment_low_2_end.top_pods","gateway-service","108","195"
"spike","proactive","rep3","segment_low_2_end.top_pods","gateway-service","36","189"
"spike","proactive","rep3","segment_low_2_end.top_pods","gateway-service","120","188"
"spike","proactive","rep3","segment_low_2_end.top_pods","gateway-service","17","220"
"spike","proactive","rep3","segment_low_2_end.top_pods","gateway-service","116","192"
"spike","proactive","rep3","segment_low_2_end.top_pods","order-service","40","185"
"spike","proactive","rep3","segment_low_2_end.top_pods","product-service","32","180"
"spike","proactive","rep3","segment_low_2_start.top_pods","gateway-service","47","192"
"spike","proactive","rep3","segment_low_2_start.top_pods","gateway-service","34","194"
"spike","proactive","rep3","segment_low_2_start.top_pods","gateway-service","5","188"
"spike","proactive","rep3","segment_low_2_start.top_pods","gateway-service","15","186"
"spike","proactive","rep3","segment_low_2_start.top_pods","gateway-service","4","220"
"spike","proactive","rep3","segment_low_2_start.top_pods","gateway-service","45","192"
"spike","proactive","rep3","segment_low_2_start.top_pods","order-service","14","185"
"spike","proactive","rep3","segment_low_2_start.top_pods","product-service","13","179"
"spike","proactive","rep3","segment_spike_end.top_pods","gateway-service","47","192"
"spike","proactive","rep3","segment_spike_end.top_pods","gateway-service","34","194"
"spike","proactive","rep3","segment_spike_end.top_pods","gateway-service","5","188"
"spike","proactive","rep3","segment_spike_end.top_pods","gateway-service","15","186"
"spike","proactive","rep3","segment_spike_end.top_pods","gateway-service","4","220"
"spike","proactive","rep3","segment_spike_end.top_pods","gateway-service","45","192"
"spike","proactive","rep3","segment_spike_end.top_pods","order-service","14","185"
"spike","proactive","rep3","segment_spike_end.top_pods","product-service","13","179"
"spike","proactive","rep3","segment_spike_start.top_pods","gateway-service","47","192"
"spike","proactive","rep3","segment_spike_start.top_pods","gateway-service","34","194"
"spike","proactive","rep3","segment_spike_start.top_pods","gateway-service","5","188"
"spike","proactive","rep3","segment_spike_start.top_pods","gateway-service","15","186"
"spike","proactive","rep3","segment_spike_start.top_pods","gateway-service","4","220"
"spike","proactive","rep3","segment_spike_start.top_pods","gateway-service","45","192"
"spike","proactive","rep3","segment_spike_start.top_pods","order-service","14","185"
"spike","proactive","rep3","segment_spike_start.top_pods","product-service","13","179"
"spike","proactive","rep3","segment_warmup_end.top_pods","gateway-service","51","191"
"spike","proactive","rep3","segment_warmup_end.top_pods","gateway-service","45","194"
"spike","proactive","rep3","segment_warmup_end.top_pods","gateway-service","38","189"
"spike","proactive","rep3","segment_warmup_end.top_pods","gateway-service","23","186"
"spike","proactive","rep3","segment_warmup_end.top_pods","gateway-service","24","220"
"spike","proactive","rep3","segment_warmup_end.top_pods","gateway-service","34","191"
"spike","proactive","rep3","segment_warmup_end.top_pods","order-service","27","185"
"spike","proactive","rep3","segment_warmup_end.top_pods","product-service","26","179"
"spike","proactive","rep3","segment_warmup_start.top_pods","gateway-service","51","191"
"spike","proactive","rep3","segment_warmup_start.top_pods","gateway-service","45","194"
"spike","proactive","rep3","segment_warmup_start.top_pods","gateway-service","38","189"
"spike","proactive","rep3","segment_warmup_start.top_pods","gateway-service","23","186"
"spike","proactive","rep3","segment_warmup_start.top_pods","gateway-service","24","220"
"spike","proactive","rep3","segment_warmup_start.top_pods","gateway-service","34","191"
"spike","proactive","rep3","segment_warmup_start.top_pods","order-service","27","185"
"spike","proactive","rep3","segment_warmup_start.top_pods","product-service","26","179"
"spike","reactive","rep1","segment_low_1_end.top_pods","gateway-service","67","221"
"spike","reactive","rep1","segment_low_1_end.top_pods","gateway-service","284","138"
"spike","reactive","rep1","segment_low_1_end.top_pods","order-service","14","183"
"spike","reactive","rep1","segment_low_1_end.top_pods","product-service","13","178"
"spike","reactive","rep1","segment_low_1_start.top_pods","gateway-service","43","221"
"spike","reactive","rep1","segment_low_1_start.top_pods","order-service","11","183"
"spike","reactive","rep1","segment_low_1_start.top_pods","product-service","9","178"
"spike","reactive","rep1","segment_low_2_end.top_pods","gateway-service","307","79"
"spike","reactive","rep1","segment_low_2_end.top_pods","gateway-service","320","82"
"spike","reactive","rep1","segment_low_2_end.top_pods","gateway-service","323","81"
"spike","reactive","rep1","segment_low_2_end.top_pods","gateway-service","300","75"
"spike","reactive","rep1","segment_low_2_end.top_pods","gateway-service","39","221"
"spike","reactive","rep1","segment_low_2_end.top_pods","gateway-service","127","169"
"spike","reactive","rep1","segment_low_2_end.top_pods","order-service","16","184"
"spike","reactive","rep1","segment_low_2_end.top_pods","product-service","15","178"
"spike","reactive","rep1","segment_low_2_start.top_pods","gateway-service","107","221"
"spike","reactive","rep1","segment_low_2_start.top_pods","gateway-service","269","160"
"spike","reactive","rep1","segment_low_2_start.top_pods","order-service","35","183"
"spike","reactive","rep1","segment_low_2_start.top_pods","product-service","31","178"
"spike","reactive","rep1","segment_spike_end.top_pods","gateway-service","107","221"
"spike","reactive","rep1","segment_spike_end.top_pods","gateway-service","269","160"
"spike","reactive","rep1","segment_spike_end.top_pods","order-service","35","183"
"spike","reactive","rep1","segment_spike_end.top_pods","product-service","31","178"
"spike","reactive","rep1","segment_spike_start.top_pods","gateway-service","67","221"
"spike","reactive","rep1","segment_spike_start.top_pods","gateway-service","284","138"
"spike","reactive","rep1","segment_spike_start.top_pods","order-service","14","183"
"spike","reactive","rep1","segment_spike_start.top_pods","product-service","13","178"
"spike","reactive","rep1","segment_warmup_end.top_pods","gateway-service","43","221"
"spike","reactive","rep1","segment_warmup_end.top_pods","order-service","11","183"
"spike","reactive","rep1","segment_warmup_end.top_pods","product-service","9","178"
"spike","reactive","rep1","segment_warmup_start.top_pods","gateway-service","112","220"
"spike","reactive","rep1","segment_warmup_start.top_pods","order-service","22","183"
"spike","reactive","rep1","segment_warmup_start.top_pods","product-service","17","178"
"spike","reactive","rep2","segment_low_1_end.top_pods","gateway-service","23","148"
"spike","reactive","rep2","segment_low_1_end.top_pods","gateway-service","75","148"
"spike","reactive","rep2","segment_low_1_end.top_pods","gateway-service","199","157"
"spike","reactive","rep2","segment_low_1_end.top_pods","gateway-service","19","132"
"spike","reactive","rep2","segment_low_1_end.top_pods","gateway-service","22","220"
"spike","reactive","rep2","segment_low_1_end.top_pods","gateway-service","104","166"
"spike","reactive","rep2","segment_low_1_end.top_pods","order-service","22","184"
"spike","reactive","rep2","segment_low_1_end.top_pods","product-service","23","178"
"spike","reactive","rep2","segment_low_1_start.top_pods","gateway-service","316","147"
"spike","reactive","rep2","segment_low_1_start.top_pods","gateway-service","316","144"
"spike","reactive","rep2","segment_low_1_start.top_pods","gateway-service","300","149"
"spike","reactive","rep2","segment_low_1_start.top_pods","gateway-service","258","131"
"spike","reactive","rep2","segment_low_1_start.top_pods","gateway-service","28","221"
"spike","reactive","rep2","segment_low_1_start.top_pods","gateway-service","87","165"
"spike","reactive","rep2","segment_low_1_start.top_pods","order-service","16","184"
"spike","reactive","rep2","segment_low_1_start.top_pods","product-service","16","178"
"spike","reactive","rep2","segment_low_2_end.top_pods","gateway-service","53","154"
"spike","reactive","rep2","segment_low_2_end.top_pods","gateway-service","35","164"
"spike","reactive","rep2","segment_low_2_end.top_pods","gateway-service","87","170"
"spike","reactive","rep2","segment_low_2_end.top_pods","gateway-service","65","150"
"spike","reactive","rep2","segment_low_2_end.top_pods","gateway-service","29","221"
"spike","reactive","rep2","segment_low_2_end.top_pods","gateway-service","10","167"
"spike","reactive","rep2","segment_low_2_end.top_pods","order-service","18","184"
"spike","reactive","rep2","segment_low_2_end.top_pods","product-service","14","178"
"spike","reactive","rep2","segment_low_2_start.top_pods","gateway-service","105","153"
"spike","reactive","rep2","segment_low_2_start.top_pods","gateway-service","174","163"
"spike","reactive","rep2","segment_low_2_start.top_pods","gateway-service","246","168"
"spike","reactive","rep2","segment_low_2_start.top_pods","gateway-service","167","158"
"spike","reactive","rep2","segment_low_2_start.top_pods","gateway-service","79","221"
"spike","reactive","rep2","segment_low_2_start.top_pods","gateway-service","37","167"
"spike","reactive","rep2","segment_low_2_start.top_pods","order-service","41","184"
"spike","reactive","rep2","segment_low_2_start.top_pods","product-service","42","178"
"spike","reactive","rep2","segment_spike_end.top_pods","gateway-service","105","153"
"spike","reactive","rep2","segment_spike_end.top_pods","gateway-service","174","163"
"spike","reactive","rep2","segment_spike_end.top_pods","gateway-service","246","168"
"spike","reactive","rep2","segment_spike_end.top_pods","gateway-service","167","158"
"spike","reactive","rep2","segment_spike_end.top_pods","gateway-service","79","221"
"spike","reactive","rep2","segment_spike_end.top_pods","gateway-service","37","167"
"spike","reactive","rep2","segment_spike_end.top_pods","order-service","41","184"
"spike","reactive","rep2","segment_spike_end.top_pods","product-service","42","178"
"spike","reactive","rep2","segment_spike_start.top_pods","gateway-service","23","148"
"spike","reactive","rep2","segment_spike_start.top_pods","gateway-service","75","148"
"spike","reactive","rep2","segment_spike_start.top_pods","gateway-service","199","157"
"spike","reactive","rep2","segment_spike_start.top_pods","gateway-service","19","132"
"spike","reactive","rep2","segment_spike_start.top_pods","gateway-service","22","220"
"spike","reactive","rep2","segment_spike_start.top_pods","gateway-service","104","166"
"spike","reactive","rep2","segment_spike_start.top_pods","order-service","22","184"
"spike","reactive","rep2","segment_spike_start.top_pods","product-service","23","178"
"spike","reactive","rep2","segment_warmup_end.top_pods","gateway-service","316","147"
"spike","reactive","rep2","segment_warmup_end.top_pods","gateway-service","316","144"
"spike","reactive","rep2","segment_warmup_end.top_pods","gateway-service","300","149"
"spike","reactive","rep2","segment_warmup_end.top_pods","gateway-service","258","131"
"spike","reactive","rep2","segment_warmup_end.top_pods","gateway-service","28","221"
"spike","reactive","rep2","segment_warmup_end.top_pods","gateway-service","87","165"
"spike","reactive","rep2","segment_warmup_end.top_pods","order-service","16","184"
"spike","reactive","rep2","segment_warmup_end.top_pods","product-service","16","178"
"spike","reactive","rep2","segment_warmup_start.top_pods","gateway-service","307","79"
"spike","reactive","rep2","segment_warmup_start.top_pods","gateway-service","320","82"
"spike","reactive","rep2","segment_warmup_start.top_pods","gateway-service","323","81"
"spike","reactive","rep2","segment_warmup_start.top_pods","gateway-service","300","75"
"spike","reactive","rep2","segment_warmup_start.top_pods","gateway-service","39","221"
"spike","reactive","rep2","segment_warmup_start.top_pods","gateway-service","127","169"
"spike","reactive","rep2","segment_warmup_start.top_pods","order-service","16","184"
"spike","reactive","rep2","segment_warmup_start.top_pods","product-service","15","178"
"spike","reactive","rep3","segment_low_1_end.top_pods","gateway-service","50","161"
"spike","reactive","rep3","segment_low_1_end.top_pods","gateway-service","34","165"
"spike","reactive","rep3","segment_low_1_end.top_pods","gateway-service","45","169"
"spike","reactive","rep3","segment_low_1_end.top_pods","gateway-service","40","151"
"spike","reactive","rep3","segment_low_1_end.top_pods","gateway-service","19","220"
"spike","reactive","rep3","segment_low_1_end.top_pods","gateway-service","41","168"
"spike","reactive","rep3","segment_low_1_end.top_pods","order-service","18","184"
"spike","reactive","rep3","segment_low_1_end.top_pods","product-service","14","178"
"spike","reactive","rep3","segment_low_1_start.top_pods","gateway-service","53","154"
"spike","reactive","rep3","segment_low_1_start.top_pods","gateway-service","35","164"
"spike","reactive","rep3","segment_low_1_start.top_pods","gateway-service","87","170"
"spike","reactive","rep3","segment_low_1_start.top_pods","gateway-service","65","150"
"spike","reactive","rep3","segment_low_1_start.top_pods","gateway-service","29","221"
"spike","reactive","rep3","segment_low_1_start.top_pods","gateway-service","10","167"
"spike","reactive","rep3","segment_low_1_start.top_pods","order-service","18","184"
"spike","reactive","rep3","segment_low_1_start.top_pods","product-service","14","178"
"spike","reactive","rep3","segment_low_2_end.top_pods","gateway-service","40","169"
"spike","reactive","rep3","segment_low_2_end.top_pods","gateway-service","112","172"
"spike","reactive","rep3","segment_low_2_end.top_pods","gateway-service","59","173"
"spike","reactive","rep3","segment_low_2_end.top_pods","gateway-service","58","160"
"spike","reactive","rep3","segment_low_2_end.top_pods","gateway-service","16","220"
"spike","reactive","rep3","segment_low_2_end.top_pods","gateway-service","96","169"
"spike","reactive","rep3","segment_low_2_end.top_pods","order-service","24","184"
"spike","reactive","rep3","segment_low_2_end.top_pods","product-service","24","179"
"spike","reactive","rep3","segment_low_2_start.top_pods","gateway-service","176","169"
"spike","reactive","rep3","segment_low_2_start.top_pods","gateway-service","51","168"
"spike","reactive","rep3","segment_low_2_start.top_pods","gateway-service","113","173"
"spike","reactive","rep3","segment_low_2_start.top_pods","gateway-service","61","155"
"spike","reactive","rep3","segment_low_2_start.top_pods","gateway-service","32","220"
"spike","reactive","rep3","segment_low_2_start.top_pods","gateway-service","91","169"
"spike","reactive","rep3","segment_low_2_start.top_pods","order-service","48","184"
"spike","reactive","rep3","segment_low_2_start.top_pods","product-service","46","179"
"spike","reactive","rep3","segment_spike_end.top_pods","gateway-service","176","169"
"spike","reactive","rep3","segment_spike_end.top_pods","gateway-service","51","168"
"spike","reactive","rep3","segment_spike_end.top_pods","gateway-service","113","173"
"spike","reactive","rep3","segment_spike_end.top_pods","gateway-service","61","155"
"spike","reactive","rep3","segment_spike_end.top_pods","gateway-service","32","220"
"spike","reactive","rep3","segment_spike_end.top_pods","gateway-service","91","169"
"spike","reactive","rep3","segment_spike_end.top_pods","order-service","48","184"
"spike","reactive","rep3","segment_spike_end.top_pods","product-service","46","179"
"spike","reactive","rep3","segment_spike_start.top_pods","gateway-service","38","162"
"spike","reactive","rep3","segment_spike_start.top_pods","gateway-service","83","168"
"spike","reactive","rep3","segment_spike_start.top_pods","gateway-service","36","171"
"spike","reactive","rep3","segment_spike_start.top_pods","gateway-service","34","152"
"spike","reactive","rep3","segment_spike_start.top_pods","gateway-service","23","220"
"spike","reactive","rep3","segment_spike_start.top_pods","gateway-service","39","168"
"spike","reactive","rep3","segment_spike_start.top_pods","order-service","19","184"
"spike","reactive","rep3","segment_spike_start.top_pods","product-service","20","178"
"spike","reactive","rep3","segment_warmup_end.top_pods","gateway-service","53","154"
"spike","reactive","rep3","segment_warmup_end.top_pods","gateway-service","35","164"
"spike","reactive","rep3","segment_warmup_end.top_pods","gateway-service","87","170"
"spike","reactive","rep3","segment_warmup_end.top_pods","gateway-service","65","150"
"spike","reactive","rep3","segment_warmup_end.top_pods","gateway-service","29","221"
"spike","reactive","rep3","segment_warmup_end.top_pods","gateway-service","10","167"
"spike","reactive","rep3","segment_warmup_end.top_pods","order-service","18","184"
"spike","reactive","rep3","segment_warmup_end.top_pods","product-service","14","178"
"spike","reactive","rep3","segment_warmup_start.top_pods","gateway-service","53","154"
"spike","reactive","rep3","segment_warmup_start.top_pods","gateway-service","35","164"
"spike","reactive","rep3","segment_warmup_start.top_pods","gateway-service","87","170"
"spike","reactive","rep3","segment_warmup_start.top_pods","gateway-service","65","150"
"spike","reactive","rep3","segment_warmup_start.top_pods","gateway-service","29","221"
"spike","reactive","rep3","segment_warmup_start.top_pods","gateway-service","10","167"
"spike","reactive","rep3","segment_warmup_start.top_pods","order-service","18","184"
"spike","reactive","rep3","segment_warmup_start.top_pods","product-service","14","178"
